identifier	class	state	priority	creator	assignee	age_days	idle_days	pr_split	merged_prs	open_prs	critical_path_31oct	archive	instrument	children	note	title
KS-1404	MERGED-AWAITING-SWEEP	In Progress	2	kamil.kreiser@secuura.ai		0	0	merged	#1376@2026-10-04		yes - unsigned timestamp accepted as valid until deployed	no	PR #1376 merged 2026-10-04; services/timestamping/src/tsa/rfc3161-verify.ts:452 webcrypto signature verify present at 3ce8cd			Timestamping accepts an UNSIGNED timestamp token as valid: verifyRealToken verifies no signature
KS-1403	GENUINE-HARDENING	In Progress	2	kamil.kreiser@secuura.ai		0	0	merged	#1373@2026-10-04		yes - push gate fuse 31 Oct; two advisories have no upstream fix	no	PR #1373 merged 2026-10-04; audit-baseline.json:153 GHSA-vfj7 (braces, no upstream fix) baselined to 2026-10-31		no comment since filing	Three range-widened HIGH advisories freeze every push; two have no upstream fix
KS-1402	MERGED-AWAITING-SWEEP	In Progress	2	peter@obeden.com	kamil.kreiser@secuura.ai	3	0	merged	#1374@2026-10-04		yes - every Platform-S transfer-custody 401s until deployed	no	PR #1374 merged 2026-10-04		Peter-created	auth GET /api/users/lookup refuses connector tokens, so every Platform-S transfer-custody 401s and falls back to a flat anchor — KS-739's users:read ruling cannot take effect
KS-1399	MERGED-AWAITING-SWEEP	In Progress	0	kamil.kreiser@secuura.ai	kamil.kreiser@secuura.ai	4	4	merged	#1363@2026-09-30		yes - pushes were blocked	no	PR #1363 merged 2026-09-30 (KS-1378 PR; clears 13 axios/dompurify advisories)		no ticket comment; likely closable	Thirteen advisories published 2026-09-30 block every push: axios 1.18.1 in four locks and dompurify 3.4.13 in the workspace root
KS-1380	NEEDS-HUMAN	In Progress	2	peter@obeden.com	kamil.kreiser@secuura.ai	5	4	merged	#1358@2026-09-30	#1360	yes - merging #1360 makes develop fail a clean build again	no	PR #1358 merged 2026-09-30 (the fix); revert PR #1360 still OPEN (GitHub API) at Peter's request		Peter + Kam: close #1360 or re-land; ticket otherwise fixed	develop does not build since KS-1378 (#1339): analytics, billing and governance images fail `tsc` — packages/shared now locks @types/express-serve-static-core 4.19.9 / @types/pg 8.23.1, those three services still lock 4.19.8 / 8.20.0
KS-1378	TEST-OR-TOOLING	In Progress	1	kamil.kreiser@secuura.ai	kamil.kreiser@secuura.ai	6	5	merged	#1363@2026-09-30 #1356@2026-09-30 #1355@2026-09-30 #1339@2026-09-29		no - test/tooling/docs	no	#1363 merged 2026-09-30 #1356 merged 2026-09-30 #1355 merged 2026-09-30 (on develop 3ce8cd)		fix PR merged; no residue recorded; scope-closure vs DoD NOT checked -> close candidate	Five new advisories block EVERY push: bump morgan, nodemailer, ip-address and undici (Kam ruled (a))
KS-1375	MERGED-AWAITING-SWEEP	In Progress	2	kamil.kreiser@secuura.ai	kamil.kreiser@secuura.ai	6	5	merged	#1341@2026-09-29		yes - P2 security/correctness	no	#1341 merged 2026-09-29 (merge commit ancestor of develop 3ce8cd)		runtime fix merged; open only for §5f live sweep	Security: a revoked credential resubmitted with any other id verifies TRUE — neither verify route wires a didResolver, so the proof's id binding is never checked outside production
KS-1374	NEEDS-HUMAN	In Progress	1	peter@obeden.com	kamil.kreiser@secuura.ai	6	5	merged	#1349@2026-09-29 #1347@2026-09-29		no - test pacing	no	"PR #1347 merged 2026-09-29; title is a question ""which way should we go?"""		Peter-created; Kam/Peter: pick scan pacing policy	Akto scans are now paced to fit the platform's rate limit — test times went up; which way should we go?
KS-1371	MERGED-AWAITING-SWEEP	In Progress	2	peter@obeden.com	kamil.kreiser@secuura.ai	6	5	merged	#1343@2026-09-29		yes - P2 product	no	#1343 merged 2026-09-29 (merge commit ancestor of develop 3ce8cd)		runtime fix merged; open only for §5f live sweep	POST /api/status/{id}/unrevoke accepts `index: -1` (below the declared minimum) with 200 and performs the unrevoke — outside the KS-662 ruling, which tolerates only a non-string `reason` here
KS-1370	MERGED-AWAITING-SWEEP	In Progress	2	kamil.kreiser@secuura.ai		6	6	merged	#1338@2026-09-29		yes - P2 security/correctness	no	#1338 merged 2026-09-29 (merge commit ancestor of develop 3ce8cd)		runtime fix merged; open only for §5f live sweep	Security: validate reads API keys from a boot-only memory map, so a revoked key keeps authenticating AND its usage write rewrites is_active = true over the revoke
KS-1369	MERGED-AWAITING-SWEEP	In Progress	1	peter@obeden.com	kamil.kreiser@secuura.ai	6	5	merged	#1342@2026-09-29		yes - P1 product	no	#1342 merged 2026-09-29 (merge commit ancestor of develop 3ce8cd)		runtime fix merged; open only for §5f live sweep	api-gateway crashes under load: onProxyReq calls setHeader after the proxied request's headers were sent — uncaught exception, 13 restarts, 502s on /api/auth/login
KS-1368	MERGED-AWAITING-SWEEP	In Progress	3	kamil.kreiser@secuura.ai	kamil.kreiser@secuura.ai	6	5	merged	#1341@2026-09-29		unknown - P3 product, not on a named 31 Oct path	no	#1341 merged 2026-09-29 (merge commit ancestor of develop 3ce8cd)		runtime fix merged; open only for §5f live sweep; merged PR is a tagged sub-scope - other items may remain	Verify policy for a credential id with NO stored record — KS-1352 ships pass-through, and the unknown-id case is unruled
KS-1364	TEST-OR-TOOLING	In Progress	3	peter@obeden.com	kamil.kreiser@secuura.ai	6	3	merged	#1368@2026-10-01 #1365@2026-10-01		no - test/tooling/docs	no	#1368 merged 2026-10-01 #1365 merged 2026-10-01 (on develop 3ce8cd)		fix PR merged; no residue recorded; scope-closure vs DoD NOT checked -> close candidate; zero comments	"Spec: 85 of 145 request bodies are not marked `required: true`, so Schemathesis sends ""valid"" empty bodies the handlers reject — 17 ops, 35 cases per sweep, 15 of them baselined against Done KS-255"
KS-1360	MERGED-AWAITING-SWEEP	In Progress	4	peter@obeden.com	kamil.kreiser@secuura.ai	6	5	merged	#1345@2026-09-29		unknown - P4 product, not on a named 31 Oct path	no	#1345 merged 2026-09-29 (merge commit ancestor of develop 3ce8cd)		runtime fix merged; open only for §5f live sweep	DELETE /api/wallets/session/{sessionId}: the 200 body omits the declared `success` field
KS-1359	MERGED-AWAITING-SWEEP	In Progress	3	peter@obeden.com	kamil.kreiser@secuura.ai	6	5	merged	#1344@2026-09-29		unknown - P3 product, not on a named 31 Oct path	no	#1344 merged 2026-09-29 (merge commit ancestor of develop 3ce8cd)		runtime fix merged; open only for §5f live sweep	GET /api/platform/audit-log accepts wrong-type and out-of-range query values with 200 — beyond its ruled by-design tolerance
KS-1352	MERGED-AWAITING-SWEEP	In Progress	2	kamil.kreiser@secuura.ai		6	6	merged	#1330@2026-09-28		yes - P2 security/correctness	no	#1330 merged 2026-09-28 (merge commit ancestor of develop 3ce8cd)		runtime fix merged; open only for §5f live sweep	Security: a revoked credential still verifies as valid by EITHER route — POST /credentials/verify wires no statusListResolver, so checkStatus reports status:true and can never fail
KS-1351	TEST-OR-TOOLING	In Progress	3	kamil.kreiser@secuura.ai	kamil.kreiser@secuura.ai	7	6	merged	#1326@2026-09-28		no - test/tooling/docs	no	#1326 merged 2026-09-28 (partial); residue stated in agent comment 2026-09-28 - not re-read at develop		merged part awaits sweep; named residue still open	vc-issuer: VCCredentialStatus declares no revocation fields, so four credentialRepo cells are TS2339 — plus the prefer-const left by KS-1121's deletion
KS-1348	MERGED-AWAITING-SWEEP	In Progress	2	kamil.kreiser@secuura.ai		8	6	merged	#1321@2026-09-28		yes - P2 product	no	#1321 merged 2026-09-28 (merge commit ancestor of develop 3ce8cd)		runtime fix merged; open only for §5f live sweep	originate production file logs are a column of `undefined` — the File transports carry no format
KS-1347	TEST-OR-TOOLING	In Progress	3	kamil.kreiser@secuura.ai		8	8	merged	#1298@2026-09-26		no - test/tooling/docs	no	#1298 merged 2026-09-26 (partial); residue stated in agent comment 2026-09-26 - not re-read at develop		merged part awaits sweep; named residue still open	The URL.pathname percent-encoding class also exists in 2 Blockchain/Dev files, outside KS-1337's scope
KS-1346	GENUINE-DEFECT	In Progress	4	kamil.kreiser@secuura.ai		8	6	merged	#1317@2026-09-28 #1316@2026-09-28 #1312@2026-09-27 #1311@2026-09-27		unknown - P4 product, not on a named 31 Oct path	no	#1317 merged 2026-09-28 #1316 merged 2026-09-28 #1312 merged 2026-09-27 (partial); residue stated in agent comment 2026-09-28 - not re-read at develop		merged part awaits sweep; named residue still open	fail500 family: a non-Error throw is logged as [object Object], so its content is lost from the log
KS-1341	MERGED-AWAITING-SWEEP	In Progress	2	kamil.kreiser@secuura.ai	kamil.kreiser@secuura.ai	8	8	merged	#1292@2026-09-26 #1290@2026-09-26 #1288@2026-09-26		yes - P2 security/correctness	no	#1292 merged 2026-09-26 #1290 merged 2026-09-26 #1288 merged 2026-09-26 (merge commit ancestor of develop 3ce8cd)		runtime fix merged; open only for §5f live sweep; merged PR is a tagged sub-scope - other items may remain	routes/webhooks.ts returns the thrown error text on 7 unconditional 500s, measured leaking under NODE_ENV=production
KS-1337	TEST-OR-TOOLING	In Progress	3	kamil.kreiser@secuura.ai	kamil.kreiser@secuura.ai	9	8	merged	#1295@2026-09-26 #1291@2026-09-26		no - test/tooling/docs	no	#1295 merged 2026-09-26 #1291 merged 2026-09-26 (partial); residue stated in agent comment 2026-09-26 - not re-read at develop		merged part awaits sweep; named residue still open	k6 runner: the pre-suite path is taken from URL.pathname, so a checkout directory containing a space fails ERR_MODULE_NOT_FOUND
KS-1336	GENUINE-HARDENING	In Progress	2	kamil.kreiser@secuura.ai	kamil.kreiser@secuura.ai	9	8	merged	#1286@2026-09-26		unknown - dormant path; only matters if per-tenant DBs are switched on	no	"PR #1286 merged 2026-09-26 is docs-only (""correct the tenancy docs""); per-tenant DB path dormant (PROVISION_PER_TENANT_DB absent from deployment/ per comment)"	KS-1304:Backlog;KS-1235:Backlog;KS-1055:Backlog;KS-1054:In Progress	PARENT of KS-1304, KS-1235, KS-1055 (Backlog), KS-1054 (In Progress) - archive would cascade	Per-tenant DB readiness: the dormant per-tenant-database path, and the five tickets that each break it
KS-1335	MERGED-AWAITING-SWEEP	In Progress	3	kamil.kreiser@secuura.ai	kamil.kreiser@secuura.ai	9	6	merged	#1328@2026-09-28		unknown - P3 product, not on a named 31 Oct path	no	#1328 merged 2026-09-28 (merge commit ancestor of develop 3ce8cd)		runtime fix merged; open only for §5f live sweep	POST /api/teams/notify: a permanently failing webhook is never rotated past, because last_sent_at is written only on success
KS-1334	GENUINE-DEFECT	In Progress	2	kamil.kreiser@secuura.ai	kamil.kreiser@secuura.ai	9	7	merged	#1300@2026-09-27 #1294@2026-09-26		yes - P2 security/correctness	no	#1300 merged 2026-09-27 #1294 merged 2026-09-26 (partial); residue stated in agent comment 2026-09-27 - not re-read at develop		merged part awaits sweep; named residue still open	adminConfig: four admin routes return err.message in a 500 body with no NODE_ENV guard (production info leak)
KS-1319	TEST-OR-TOOLING	In Progress	3	kamil.kreiser@secuura.ai	kamil.kreiser@secuura.ai	9	8	merged	#1277@2026-09-26		no - test/tooling/docs	no	#1277 merged 2026-09-26 (partial); residue stated in agent comment 2026-09-26 - not re-read at develop		merged part awaits sweep; named residue still open	walkTimeouts guard: the wiring pin passes on a commented-out line, and the derivation misses nested and async tree-walkers
KS-1316	TEST-OR-TOOLING	In Progress	3	kamil.kreiser@secuura.ai	kamil.kreiser@secuura.ai	9	9	closed-unmerged			no	no	PR #1268 closed unmerged (NO GO cap)			ks781 LEG F: a guard DEFINED but never called inside the parser continuation still reads guarded true (over-reports)
KS-1314	TEST-OR-TOOLING	In Progress	3	kamil.kreiser@secuura.ai	kamil.kreiser@secuura.ai	9	8	closed-unmerged			no	no	PR #1278 closed unmerged (NO GO cap)			readYaml routing cells: a multi-line import evades parserImportSites (prettier produces it), the loaders are unpinned, and the canary pays a child spawn per run
KS-1313	TEST-OR-TOOLING	In Progress	0	kamil.kreiser@secuura.ai		9	8	closed-unmerged			no	no	PR #1245 closed unmerged (NO GO at cap)		P0 label on a test-harness residue	KS-1226 residue: readSuiteCounts is null on real fail-only, skip-only and todo-only lines
KS-1312	TEST-OR-TOOLING	In Progress	0	kamil.kreiser@secuura.ai		9	9	merged	#1246@2026-09-25		no	no	PR #1246 merged 2026-09-25 (lint directives/comment)		P0 label on an eslint-comment cleanup	originate: drop six unused eslint directives and a stale db comment in the share path
KS-1311	TEST-OR-TOOLING	In Progress	0	kamil.kreiser@secuura.ai		9	9	merged	#1262@2026-09-25		no - test/tooling/docs	no	#1262 merged 2026-09-25 (partial); residue stated in agent comment 2026-09-25 - not re-read at develop		merged part awaits sweep; named residue still open	originate: run the rollback integration cells as the app role, inside the tenant scope
KS-1306	TEST-OR-TOOLING	In Progress	0	kamil.kreiser@secuura.ai		9	8	merged	#1279@2026-09-26		no - test/tooling/docs	no	#1279 merged 2026-09-26 (partial); residue stated in agent comment 2026-09-26 - not re-read at develop		merged part awaits sweep; named residue still open	KS-980 N-1: the role-attribute cell reads rolbypassrls only, so a superuser on the admin path is not caught by it
KS-1303	TEST-OR-TOOLING	In Progress	4	kamil.kreiser@secuura.ai	kamil.kreiser@secuura.ai	9	9	open		#1250	no	no	PR #1250 OPEN at two-NO-GO cap (ships nothing)		disposition sits with repo owner	run-shell-suites.sh now waits on orphaned children: tee keeps the pipe open until a suite's background child exits
KS-1302	TEST-OR-TOOLING	In Progress	4	kamil.kreiser@secuura.ai	kamil.kreiser@secuura.ai	9	9	open		#1250	no	no	PR #1250 OPEN at two-NO-GO cap		same PR as KS-1303 - distinct residues	run-shell-suites.sh leaves one empty /tmp/rss.* directory behind on every run under a long TMPDIR
KS-1301	TEST-OR-TOOLING	In Progress	3	kamil.kreiser@secuura.ai	kamil.kreiser@secuura.ai	9	9	merged	#1255@2026-09-25		no - test/tooling/docs	no	#1255 merged 2026-09-25 (on develop 3ce8cd)		fix PR merged; no residue recorded; scope-closure vs DoD NOT checked -> close candidate	The relabel guard's presence-not-truthiness rule is pinned on /version only — sign-cert and sign-wallet have the same rule and no cell
KS-1300	TEST-OR-TOOLING	In Progress	4	kamil.kreiser@secuura.ai	kamil.kreiser@secuura.ai	9	9	merged	#1243@2026-09-25		no - test/tooling/docs	no	#1243 merged 2026-09-25 (partial); residue stated in agent comment 2026-09-25 - not re-read at develop		merged part awaits sweep; named residue still open	k6 readYaml adoption: the unit suite that proves it is run by no gate, and three coverage gaps the new self-read cells leave
KS-1299	TEST-OR-TOOLING	In Progress	3	kamil.kreiser@secuura.ai	kamil.kreiser@secuura.ai	9	9	merged	#1252@2026-09-25		no - test/tooling/docs	no	#1252 merged 2026-09-25 (on develop 3ce8cd)		merged PR is a tagged sub-scope (KS-1275: the lifecycle-verb description points at ) -> other items may remain	OpenAPI v2 verify description still says v1's legacy bodies keep their answer — it overstates, for bodies pairing hash with a document id or data
KS-1298	TEST-OR-TOOLING	In Progress	4	kamil.kreiser@secuura.ai	kamil.kreiser@secuura.ai	9	9	merged	#1246@2026-09-25		no	no	PR #1246 merged 2026-09-25 (stale comment)		comment-only; close candidate	KS-1277 residue: a neighbouring comment still names the lifecycle-events route as a consumer of the on-behalf-of hook's returned id
KS-1297	TEST-OR-TOOLING	In Progress	3	kamil.kreiser@secuura.ai	kamil.kreiser@secuura.ai	9	9	open		#1253	no	no	PR #1253 OPEN at two-NO-GO cap			pre-push fixture guard: three gaps the new six-cell suite does not close (unanchored abort line, worktree write, exempt errexit)
KS-1296	TEST-OR-TOOLING	In Progress	3	kamil.kreiser@secuura.ai	kamil.kreiser@secuura.ai	9	9	merged	#1258@2026-09-25		no - test/tooling/docs	no	#1258 merged 2026-09-25 (on develop 3ce8cd)		merged PR is a tagged sub-scope (KS-1296 PGREADYMISSING: a missing pg_isready names) -> other items may remain	"run-migrations.sh readiness probe discards ""command not found"" and blames the database — a missing pg_isready reads as ""PostgreSQL did not become ready"""
KS-1295	GENUINE-DEFECT	In Progress	3	kamil.kreiser@secuura.ai	kamil.kreiser@secuura.ai	9	9	merged	#1267@2026-09-25		unknown - P3 product, not on a named 31 Oct path	no	#1267 merged 2026-09-25 (partial); residue stated in agent comment 2026-09-25 - not re-read at develop		merged part awaits sweep; named residue still open	vc-issuer credentialRepo.store() falls back to memory SILENTLY when the database is unavailable — the caller is told it was stored
KS-1294	TEST-OR-TOOLING	In Progress	3	kamil.kreiser@secuura.ai	kamil.kreiser@secuura.ai	9	9	merged	#1247@2026-09-25		no - test/tooling/docs	no	#1247 merged 2026-09-25 (partial); residue stated in agent comment 2026-09-25 - not re-read at develop		merged part awaits sweep; named residue still open	".githooks/pre-push still says ""CI is the hard gate"" (:8) and leaves ""use sparingly"" unexplained (:12) — KS-789's executable half"
KS-1293	TEST-OR-TOOLING	In Progress	3	kamil.kreiser@secuura.ai	kamil.kreiser@secuura.ai	9	8	merged	#1261@2026-09-26		no - test/tooling/docs	no	#1261 merged 2026-09-26 (partial); residue stated in agent comment 2026-09-26 - not re-read at develop		merged part awaits sweep; named residue still open	HERMETIC-UNPINNED: no cell in the originate suite pins the hermetic property KS-1266 established — reverting ks1213's env line stays green
KS-1292	TEST-OR-TOOLING	In Progress	3	kamil.kreiser@secuura.ai	kamil.kreiser@secuura.ai	9	9	merged	#1226@2026-09-25		no - test/tooling/docs	no	#1226 merged 2026-09-25 (on develop 3ce8cd)		merged PR is a tagged sub-scope () -> other items may remain; zero comments	Nothing runs `tsc -p packages/shared` — the push preflight has no project type-check leg, so a type error is invisible (KS-872 acceptance, second half)
KS-1291	TEST-OR-TOOLING	In Progress	4	kamil.kreiser@secuura.ai	kamil.kreiser@secuura.ai	9	9	merged	#1225@2026-09-25		no - test/tooling/docs	no	#1225 merged 2026-09-25 (partial); residue stated in agent comment 2026-09-25 - not re-read at develop		merged part awaits sweep; named residue still open	documents.ts:844: the post-save issuerName '@' guard is unreachable dead code since #1174 moved the check above saveDocument
KS-1288	TEST-OR-TOOLING	In Progress	3	kamil.kreiser@secuura.ai	kamil.kreiser@secuura.ai	10	9	merged	#1215@2026-09-25		no - test/tooling/docs	no	#1215 merged 2026-09-25 (on develop 3ce8cd)		merged PR is a tagged sub-scope (KS-1288 LEGDBYTEXT: LEG D pins its three api-gatew) -> other items may remain	ks781 LEG D pins api-gateway index.ts by LINE NUMBER - moved six times; pin by TEXT instead
KS-1284	MERGED-AWAITING-SWEEP	In Progress	2	kamil.kreiser@secuura.ai	kamil.kreiser@secuura.ai	14	12	merged	#1116@2026-09-20 #1105@2026-09-20		yes - P2 product	no	#1116 merged 2026-09-20 #1105 merged 2026-09-20 (merge commit ancestor of develop 3ce8cd)		runtime fix merged; open only for §5f live sweep; merged PR is a tagged sub-scope - other items may remain	cardano/transaction.ts: add_json_metadatum_with_schema throws on any metadata string over 64 bytes — KS-721's identityCommitment (≥69 bytes) has never been anchorable on a real chain
KS-1283	MERGED-AWAITING-SWEEP	In Progress	2	kamil.kreiser@secuura.ai	kamil.kreiser@secuura.ai	14	14	merged	#1126@2026-09-21 #1113@2026-09-20		yes - P2 security/correctness	no	#1126 merged 2026-09-21 #1113 merged 2026-09-20 (merge commit ancestor of develop 3ce8cd)		runtime fix merged; no comment states the sweep - §5f implied; merged PR is a tagged sub-scope - other items may remain	platform.ts: a widened SUPER_ROLES would admit a tenant ADMIN role on six requireSuperAdmin / requireOrgProvisioner surfaces that no cell pins - register-connector MINTS A KEY
KS-1281	GENUINE-HARDENING	In Progress	4	kamil.kreiser@secuura.ai	kamil.kreiser@secuura.ai	15	9	merged	#1264@2026-09-25 #1231@2026-09-25		unknown - P4 product, not on a named 31 Oct path	no	#1264 merged 2026-09-25 #1231 merged 2026-09-25 (partial); residue stated in agent comment 2026-09-25 - not re-read at develop		merged part awaits sweep; named residue still open	vc-issuer boot warns 'Could not ensure vc_credentials_store table … permission denied for schema public' (runtime DDL vs least privilege; benign, migration 001 owns the table)
KS-1279	TEST-OR-TOOLING	In Progress	3	kamil.kreiser@secuura.ai	kamil.kreiser@secuura.ai	15	14	merged	#1109@2026-09-20		no - test/tooling/docs	no	#1109 merged 2026-09-20 (on develop 3ce8cd)		fix PR merged; no residue recorded; scope-closure vs DoD NOT checked -> close candidate; zero comments	Preflight's legs-ran ratio counts leg 1 as run on a no-install run, while the next line says leg 1 could not RUN
KS-1277	TEST-OR-TOOLING	In Progress	4	kamil.kreiser@secuura.ai	kamil.kreiser@secuura.ai	16	9	merged	#1219@2026-09-25		no - test/tooling/docs	no	#1219 merged 2026-09-25 (on develop 3ce8cd)		fix PR merged; no residue recorded; scope-closure vs DoD NOT checked -> close candidate	documents.ts: two stale comments about on-behalf-of recording (:2327-2334 inside /revoke, and the KS-480 §6 docblock :60-66)
KS-1273	TEST-OR-TOOLING	In Progress	3	kamil.kreiser@secuura.ai	kamil.kreiser@secuura.ai	16	14	merged	#1130@2026-09-21 #1122@2026-09-21		no - test/tooling/docs	no	#1130 merged 2026-09-21 #1122 merged 2026-09-21 (on develop 3ce8cd)		merged PR is a tagged sub-scope (KS-1273 TRIVYYAMLEXITCODE-1: pin that a trivy.yaml; KS-1273 EXITCODEENV-1: --exit-code 0 keeps trivy f) -> other items may remain; zero comments	Job 04: a TRIVY_EXIT_CODE (or trivy.yaml exit-code) in the environment makes an image WITH findings read as scan-failed and drops its vulns
KS-1272	MERGED-AWAITING-SWEEP	In Progress	4	kamil.kreiser@secuura.ai	kamil.kreiser@secuura.ai	16	14	merged	#1104@2026-09-20		unknown - P4 product, not on a named 31 Oct path	no	#1104 merged 2026-09-20 (merge commit ancestor of develop 3ce8cd)		runtime fix merged; no comment states the sweep - §5f implied; merged PR is a tagged sub-scope - other items may remain	"api-gateway boot: the platform-DB de-dup DELETE fails 22P02 on every boot where platform_document_registry.tenant_id is uuid — ""Platform DB migrations INCOMPLETE — 1 FAILED"""
KS-1269	MERGED-AWAITING-SWEEP	In Progress	2	peter@obeden.com	kamil.kreiser@secuura.ai	16	6	merged	#1084@2026-09-19 #1071@2026-09-19		yes - P2 product	no	#1084 merged 2026-09-19 #1071 merged 2026-09-19 (merge commit ancestor of develop 3ce8cd)		runtime fix merged; open only for §5f live sweep	POST /api/status/{id}/revoke accepts `index: {}` (object where integer is declared) with 200 — outside the KS-518/KS-662 ruling, which covers only `index` below `minimum`
KS-1267	TEST-OR-TOOLING	In Progress	4	kamil.kreiser@secuura.ai	kamil.kreiser@secuura.ai	16	16	merged	#1052@2026-09-18		no - test/tooling/docs	no	#1052 merged 2026-09-18 (on develop 3ce8cd)		fix PR merged; no residue recorded; scope-closure vs DoD NOT checked -> close candidate; zero comments	KS-1228: two row placements are unpinned — /version's row after saveDocument and /transfer-custody's row after the owner flip (tampers Q1 and Q3 read 0 red)
KS-1266	TEST-OR-TOOLING	In Progress	4	kamil.kreiser@secuura.ai	kamil.kreiser@secuura.ai	16	9	merged	#1221@2026-09-25		no - test/tooling/docs	no	#1221 merged 2026-09-25 (on develop 3ce8cd)		fix PR merged; no residue recorded; scope-closure vs DoD NOT checked -> close candidate	Four originate unit test files make a real DNS lookup and TCP connect to anchoring:4005 (the default ANCHORING_SERVICE_URL)
KS-1263	MERGED-AWAITING-SWEEP	In Progress	3	kamil.kreiser@secuura.ai	kamil.kreiser@secuura.ai	16	9	merged	#1239@2026-09-25		unknown - P3 product, not on a named 31 Oct path	no	#1239 merged 2026-09-25 (merge commit ancestor of develop 3ce8cd)		runtime fix merged; open only for §5f live sweep	A partly-completed /share or /transfer-custody is now unattributed: the multi-write is not transactional (share rows or the custody event written, no action_provenance row)
KS-1261	TEST-OR-TOOLING	In Progress	4	kamil.kreiser@secuura.ai	kamil.kreiser@secuura.ai	16	16	merged	#1050@2026-09-18		no - test/tooling/docs	no	#1050 merged 2026-09-18 (on develop 3ce8cd)		fix PR merged; no residue recorded; scope-closure vs DoD NOT checked -> close candidate	Preflight: FAILED_LEGS / fail_total are never initialised, so an exported FAILED_LEGS flips a clean run to a false red naming a leg that never failed
KS-1260	TEST-OR-TOOLING	In Progress	4	kamil.kreiser@secuura.ai		16	16	merged	#1078@2026-09-19 #1062@2026-09-19		no - test/tooling/docs	no	#1078 merged 2026-09-19 #1062 merged 2026-09-19 (on develop 3ce8cd)		fix PR merged; no residue recorded; scope-closure vs DoD NOT checked -> close candidate; zero comments	Preflight: on a real failure the new KS-1209 verdict drops the '(N/15 legs ran)' ratio and the skipped-legs lines that KS-1046 made part of the contract
KS-1258	MERGED-AWAITING-SWEEP	In Progress	4	kamil.kreiser@secuura.ai	kamil.kreiser@secuura.ai	16	16	merged	#1085@2026-09-19 #1077@2026-09-19 #1068@2026-09-19 #1053@2026-09-18 #1044@2026-09-18		unknown - P4 product, not on a named 31 Oct path	no	#1085 merged 2026-09-19 #1077 merged 2026-09-19 #1068 merged 2026-09-19 (merge commit ancestor of develop 3ce8cd)		runtime fix merged; no comment states the sweep - §5f implied	/system/status tells operators to 'start the service locally (npm run dev)' for a DEGRADED optional service that is already up
KS-1257	MERGED-AWAITING-SWEEP	In Progress	4	kamil.kreiser@secuura.ai	kamil.kreiser@secuura.ai	16	13	merged	#1175@2026-09-22		unknown - P4 product, not on a named 31 Oct path	no	#1175 merged 2026-09-22 (merge commit ancestor of develop 3ce8cd)		runtime fix merged; no comment states the sweep - §5f implied	After platform-settings has expired, a partial admin write now persists forever and GET settings loses the defaults for categories it didn't write
KS-1253	TEST-OR-TOOLING	In Progress	4	kamil.kreiser@secuura.ai		16	9	merged	#1227@2026-09-25		no - test/tooling/docs	no	#1227 merged 2026-09-25 (partial); residue stated in agent comment 2026-09-25 - not re-read at develop		merged part awaits sweep; named residue still open	Spec-example guard E7: the secret-name deny list in PREFIXED_UUID_RE is a denylist - tok_/sess_/sid_/pass_/refresh_/access_/csrf_/nonce_/invite_/reset_/totp_/hmac_/oauth_/creds_ + v4 are still admitted
KS-1252	TEST-OR-TOOLING	In Progress	3	kamil.kreiser@secuura.ai		16	9	merged	#1227@2026-09-25		no - test/tooling/docs	no	#1227 merged 2026-09-25 (on develop 3ce8cd)		merged PR is a tagged sub-scope (KS-1252 + KS-1253 E7PREFIX: bound the ULID-ish pre) -> other items may remain	Spec-example guard E7: the ULID-ish benign shape exempts any prefix, secret-named ones included (session_/password_/accesstoken_ + 20-32 upper alnum)
KS-1248	MERGED-AWAITING-SWEEP	In Progress	3	kamil.kreiser@secuura.ai		17	16	merged	#1039@2026-09-18		unknown - P3 product, not on a named 31 Oct path	no	#1039 merged 2026-09-18 (merge commit ancestor of develop 3ce8cd)		runtime fix merged; open only for §5f live sweep	N-1: /system/status troubleshooting marks a degraded required service critical and tells operators to restart it
KS-1246	MERGED-AWAITING-SWEEP	In Progress	4	kamil.kreiser@secuura.ai	kamil.kreiser@secuura.ai	17	13	merged	#1173@2026-09-22		unknown - P4 product, not on a named 31 Oct path	no	#1173 merged 2026-09-22 (merge commit ancestor of develop 3ce8cd)		runtime fix merged; no comment states the sweep - §5f implied	F-2: /health/services still reads response.ok only — a degraded service reads healthy there
KS-1244	MERGED-AWAITING-SWEEP	In Progress	2	kamil.kreiser@secuura.ai	kamil.kreiser@secuura.ai	17	14	merged	#1127@2026-09-21 #1114@2026-09-20		yes - P2 security/correctness	no	#1127 merged 2026-09-21 #1114 merged 2026-09-20 (merge commit ancestor of develop 3ce8cd)		runtime fix merged; no comment states the sweep - §5f implied; merged PR is a tagged sub-scope - other items may remain	A duplicated x-api-key header defeats key authentication via header joining
KS-1237	TEST-OR-TOOLING	In Progress	3	kamil.kreiser@secuura.ai	kamil.kreiser@secuura.ai	17	13	merged	#1156@2026-09-21		no - test/tooling/docs	no	#1156 merged 2026-09-21 (partial); residue stated in agent comment 2026-09-17 - not re-read at develop		merged part awaits sweep; named residue still open	ks1204 cells: three tampers stay green - the array-like allow-list, the refusal message class, and the connector info reader are unpinned (#1035 gate N-B, test-only)
KS-1236	MERGED-AWAITING-SWEEP	In Progress	3	kamil.kreiser@secuura.ai	kamil.kreiser@secuura.ai	17	14	merged	#1135@2026-09-21 #1118@2026-09-20		unknown - P3 product, not on a named 31 Oct path	no	#1135 merged 2026-09-21 #1118 merged 2026-09-20 (merge commit ancestor of develop 3ce8cd)		runtime fix merged; no comment states the sweep - §5f implied; merged PR is a tagged sub-scope - other items may remain	Approving a stale PENDING verification request after the subject's level rose answers 200 and stores the lower level
KS-1234	MERGED-AWAITING-SWEEP	In Progress	3	kamil.kreiser@secuura.ai	kamil.kreiser@secuura.ai	17	14	merged	#1128@2026-09-21 #1108@2026-09-20		unknown - P3 product, not on a named 31 Oct path	no	#1128 merged 2026-09-21 #1108 merged 2026-09-20 (merge commit ancestor of develop 3ce8cd)		runtime fix merged; no comment states the sweep - §5f implied	POST /api/v1/documents with application/json never answers, and /api/documents answers 307 to it in production
KS-1233	GENUINE-DEFECT	In Progress	2	kamil.kreiser@secuura.ai	kamil.kreiser@secuura.ai	17	16	merged	#1038@2026-09-18		yes - P2 security/correctness	no	#1038 merged 2026-09-18 (partial); residue stated in agent comment 2026-09-18 - not re-read at develop		merged part awaits sweep; named residue still open	In Redis mode platform-settings expires 24 h after the last admin write, which erases every connector allow-list
KS-1232	MERGED-AWAITING-SWEEP	In Progress	3	kamil.kreiser@secuura.ai	kamil.kreiser@secuura.ai	17	14	merged	#1120@2026-09-21 #1106@2026-09-20		yes - dependency push gate	no	#1120 merged 2026-09-21 #1106 merged 2026-09-20 (merge commit ancestor of develop 3ce8cd)		runtime fix merged; no comment states the sweep - §5f implied; merged PR is a tagged sub-scope - other items may remain	"GET /api/connector/info tells a connector [] (all types permitted) for a stored """", 0 or false while every create is refused"
KS-1231	MERGED-AWAITING-SWEEP	In Progress	2	kamil.kreiser@secuura.ai	kamil.kreiser@secuura.ai	17	13	merged	#1171@2026-09-22		yes - connector allow-list fail-open (Major)	no	PR #1171 merged 2026-09-22 (refuse malformed integrations container, fail closed); Settings.tsx still owns integrations save (frontend/admin/src/pages/Settings.tsx:415+) - page-side producer not re-measured		last comment 09-18 predates #1171; needs live check that a routine Settings save no longer flips a restricted connector (now likely 403 for that connector instead)	A connector allow-list fails open when platform-settings integrations is not a clean array; one admin Settings save lifts every restriction
KS-1230	MERGED-AWAITING-SWEEP	In Progress	3	kamil.kreiser@secuura.ai	kamil.kreiser@secuura.ai	17	16	merged	#1100@2026-09-20 #1097@2026-09-19 #1092@2026-09-19 #1086@2026-09-19 #1080@2026-09-19 #1074@2026-09-19 #1069@2026-09-19 #1054@2026-09-18 #1045@2026-09-18		unknown - P3 product, not on a named 31 Oct path	no	#1100 merged 2026-09-20 #1097 merged 2026-09-19 #1092 merged 2026-09-19 (merge commit ancestor of develop 3ce8cd)		runtime fix merged; open only for §5f live sweep	PUT /api/admin/settings stores a connector's allowedDocumentTypes in any shape - validate it as an array of strings at write time
KS-1229	TEST-OR-TOOLING	In Progress	4	kamil.kreiser@secuura.ai	kamil.kreiser@secuura.ai	17	9	merged	#1237@2026-09-25 #1233@2026-09-25 #1194@2026-09-22 #1155@2026-09-21		no - test/tooling/docs	no	#1237 merged 2026-09-25 #1233 merged 2026-09-25 #1194 merged 2026-09-22 (on develop 3ce8cd)		fix PR merged; no residue recorded; scope-closure vs DoD NOT checked -> close candidate	ks1213 cells: ten tampers stay green - a refused issue can mint a holder stub or an anchor, and non-string / padded types are unpinned (test-only)
KS-1228	MERGED-AWAITING-SWEEP	In Progress	3	kamil.kreiser@secuura.ai	kamil.kreiser@secuura.ai	17	16	merged	#1052@2026-09-18 #1043@2026-09-18		yes - dependency push gate	no	#1052 merged 2026-09-18 #1043 merged 2026-09-18 (merge commit ancestor of develop 3ce8cd)		runtime fix merged; open only for §5f live sweep	A refused request still writes an action_provenance row: handleOnBehalfOf runs before the refusals on /version (and /share, /transfer-custody); unpinned on certifications/issue
KS-1226	TEST-OR-TOOLING	In Progress	0	kamil.kreiser@secuura.ai	kamil.kreiser@secuura.ai	17	9	closed-unmerged			no	no	PR #1241 closed unmerged (NO GO); residue moved to KS-1313		item 1 (:127 budget) open decision	"systemTest performance `unitSuiteSlotIndependence.test.ts`: the 15 s budget at :127 is tight under load, and the :99 summary regex returns NULL when the child summary includes ""skipped"""
KS-1223	MERGED-AWAITING-SWEEP	In Progress	3	kamil.kreiser@secuura.ai	kamil.kreiser@secuura.ai	17	14	merged	#1125@2026-09-21 #1111@2026-09-20		unknown - P3 product, not on a named 31 Oct path	no	#1125 merged 2026-09-21 #1111 merged 2026-09-20 (merge commit ancestor of develop 3ce8cd)		runtime fix merged; no comment states the sweep - §5f implied; merged PR is a tagged sub-scope - other items may remain	A client x-wallet-address is forwarded past the gateway strip, and referrals.ts:55 falls back to it when the principal has no walletAddress
KS-1217	TEST-OR-TOOLING	In Progress	4	kamil.kreiser@secuura.ai	kamil.kreiser@secuura.ai	17	13	merged	#1165@2026-09-21		no - test/tooling/docs	no	#1165 merged 2026-09-21 (on develop 3ce8cd)		fix PR merged; no residue recorded; scope-closure vs DoD NOT checked -> close candidate; zero comments	ks1050 C1 pins only the helper message prefix plus a 3-phrase denylist - a not-applied claim in other words passes
KS-1215	MERGED-AWAITING-SWEEP	In Progress	2	kamil.kreiser@secuura.ai	kamil.kreiser@secuura.ai	17	17	merged	#1034@2026-09-18		yes - P2 security/correctness	no	#1034 merged 2026-09-18 (merge commit ancestor of develop 3ce8cd)		runtime fix merged; open only for §5f live sweep	api-gateway: a revoked-session JWT plus a VALID key whose connector-token exchange fails is forwarded with the revoked Bearer and no session check (plus the fall-through cells no suite has)
KS-1213	GENUINE-DEFECT	In Progress	2	kamil.kreiser@secuura.ai	kamil.kreiser@secuura.ai	17	17	merged	#1031@2026-09-17		yes - P2 product	no	#1031 merged 2026-09-17 (partial); residue stated in agent comment 2026-09-17 - not re-read at develop		merged part awaits sweep; named residue still open	Derived-document writers still relabel the served type: POST /api/documents/:id/version with metadata.documentType is stored as one type and served as another (plus the create guard's regression cells)
KS-1211	TEST-OR-TOOLING	In Progress	2	kamil.kreiser@secuura.ai	kamil.kreiser@secuura.ai	17	17	merged	#1030@2026-09-17 #1027@2026-09-17 #1022@2026-09-17 #1021@2026-09-17		no - test/tooling/docs	no	#1030 merged 2026-09-17 #1027 merged 2026-09-17 #1022 merged 2026-09-17 (on develop 3ce8cd)		fix PR merged; no residue recorded; scope-closure vs DoD NOT checked -> close candidate	Seven audit-baseline rows (hono x3, js-yaml, vitest, baseline-browser-mapping, colord) lapse 2026-09-24 - fix by in-range pin bumps (owner after archived KS-1024)
KS-1209	TEST-OR-TOOLING	In Progress	4	kamil.kreiser@secuura.ai	kamil.kreiser@secuura.ai	17	16	merged	#1057@2026-09-18 #1041@2026-09-18		no - test/tooling/docs	no	#1057 merged 2026-09-18 #1041 merged 2026-09-18 (partial); residue stated in agent comment 2026-09-18 - not re-read at develop		merged part awaits sweep; named residue still open	Preflight's closing verdict says a run failed on the environment even when other legs failed for real
KS-1207	MERGED-AWAITING-SWEEP	In Progress	2	kamil.kreiser@secuura.ai	kamil.kreiser@secuura.ai	18	17	merged	#1023@2026-09-17		yes - P2 security/correctness	no	#1023 merged 2026-09-17 (merge commit ancestor of develop 3ce8cd)		runtime fix merged; open only for §5f live sweep	Security: an unknown sk_ key on an optional-auth mount skips the gateway's Bearer check, so a revoked-session JWT keeps working on credentials, referrals, governance, nft and billing
KS-1206	MERGED-AWAITING-SWEEP	In Progress	4	kamil.kreiser@secuura.ai	kamil.kreiser@secuura.ai	18	15	merged	#1087@2026-09-19 #1081@2026-09-19 #1072@2026-09-19 #1061@2026-09-19		unknown - P4 product, not on a named 31 Oct path	no	#1087 merged 2026-09-19 #1081 merged 2026-09-19 #1072 merged 2026-09-19 (merge commit ancestor of develop 3ce8cd)		runtime fix merged; open only for §5f live sweep	originate admin API-key mint writes no connector_id and an unclamped rate_limit: a key minted with rateLimit -1 answers 429 forever
KS-1205	GENUINE-HARDENING	In Progress	3	kamil.kreiser@secuura.ai	kamil.kreiser@secuura.ai	18	7	merged	#1306@2026-09-27		yes - dependency push gate	no	#1306 merged 2026-09-27 (partial); residue stated in agent comment 2026-09-27 - not re-read at develop		merged part awaits sweep; named residue still open	api-gateway per-key limiter follow-up (KS-1195 gates): a JWT claim can name a key's bucket; refused requests still audited and validated; next() inside the try; unpinned guards
KS-1204	MERGED-AWAITING-SWEEP	In Progress	3	kamil.kreiser@secuura.ai	kamil.kreiser@secuura.ai	18	17	merged	#1035@2026-09-17		unknown - P3 product, not on a named 31 Oct path	no	#1035 merged 2026-09-17 (merge commit ancestor of develop 3ce8cd)		runtime fix merged; open only for §5f live sweep	A STRING allowedDocumentTypes substring-matches, and no cell pins documentType-over-type precedence (#1014 gate N-2 + N-3)
KS-1203	GENUINE-DEFECT	In Progress	3	kamil.kreiser@secuura.ai	kamil.kreiser@secuura.ai	18	14	merged	#1112@2026-09-20 #1103@2026-09-20		unknown - P3 product, not on a named 31 Oct path	no	#1112 merged 2026-09-20 #1103 merged 2026-09-20 (partial); residue stated in agent comment 2026-09-17 - not re-read at develop		merged part awaits sweep; named residue still open	A connector restricted by allowedDocumentTypes can still create the default DOCUMENT type by sending no type (#1014 gate N-4)
KS-1202	MERGED-AWAITING-SWEEP	In Progress	2	kamil.kreiser@secuura.ai	kamil.kreiser@secuura.ai	18	17	merged	#1055@2026-09-18 #1024@2026-09-17		yes - P2 product	no	#1055 merged 2026-09-18 #1024 merged 2026-09-17 (merge commit ancestor of develop 3ce8cd)		runtime fix merged; open only for §5f live sweep	The served document type comes from data.documentType, which nothing checks: a document stored as an allowed type is served as a disallowed or higher-rank type (#1014 gate N-1)
KS-1199	TEST-OR-TOOLING	In Progress	4	kamil.kreiser@secuura.ai	kamil.kreiser@secuura.ai	18	13	merged	#1154@2026-09-21		no - test/tooling/docs	no	#1154 merged 2026-09-21 (on develop 3ce8cd)		fix PR merged; no residue recorded; scope-closure vs DoD NOT checked -> close candidate; zero comments	ks1072 verify cells pin no verdict on a tie whose rows differ in status: a comparator that prefers confirmed would pass the suite (#1016 gate P-1016-3)
KS-1198	MERGED-AWAITING-SWEEP	In Progress	3	kamil.kreiser@secuura.ai	kamil.kreiser@secuura.ai	18	14	merged	#1114@2026-09-20		unknown - P3 product, not on a named 31 Oct path	no	#1114 merged 2026-09-20 (merge commit ancestor of develop 3ce8cd)		runtime fix merged; no comment states the sweep - §5f implied; merged PR is a tagged sub-scope - other items may remain	A connector JWT presented directly as Bearer skips the gateway's connector gates (no connectorMeta on the RS256 path)
KS-1195	MERGED-AWAITING-SWEEP	In Progress	2	kamil.kreiser@secuura.ai	kamil.kreiser@secuura.ai	18	2	merged	#1017@2026-09-17		yes - P2 security/correctness	no	#1017 merged 2026-09-17 (merge commit ancestor of develop 3ce8cd)		runtime fix merged; no comment states the sweep - §5f implied	api-gateway per-key rate limiter never fires: enforceClientRateLimit is mounted before authenticateToken sets req.user (a 2/60s key answered 201 x5)
KS-1194	GENUINE-DEFECT	In Progress	2	kamil.kreiser@secuura.ai	kamil.kreiser@secuura.ai	18	17	merged	#1032@2026-09-17		yes - P2 product	no	#1032 merged 2026-09-17 (partial); residue stated in agent comment 2026-09-17 - not re-read at develop		merged part awaits sweep; named residue still open	auth verification requests: a failed save still answers 200 — a new request vanishes, and an approve raises the user's level while the row stays PENDING
KS-1193	TEST-OR-TOOLING	In Progress	3	kamil.kreiser@secuura.ai	kamil.kreiser@secuura.ai	18	13	merged	#1164@2026-09-21		no - test/tooling/docs	no	#1164 merged 2026-09-21 (on develop 3ce8cd)		merged PR is a tagged sub-scope (KS-1193 F1+F2: a codeless pool timeout answers 503) -> other items may remain; zero comments	#1015 gate findings (KS-1018): the message-form pool timeout, the review route's non-infra control and the memory fallback are unpinned
KS-1192	TEST-OR-TOOLING	In Progress	4	kamil.kreiser@secuura.ai	kamil.kreiser@secuura.ai	18	13	merged	#1169@2026-09-22		no - test/tooling/docs	no	#1169 merged 2026-09-22 (on develop 3ce8cd)		fix PR merged; no residue recorded; scope-closure vs DoD NOT checked -> close candidate; zero comments	ks871-real-app-canonical-audit-rows production cell does not pin production mode and cannot tell the erasure door from CSRF (F-1011-6)
KS-1188	TEST-OR-TOOLING	In Progress	3	kamil.kreiser@secuura.ai	kamil.kreiser@secuura.ai	18	13	merged	#1178@2026-09-22 #1163@2026-09-21		no - test/tooling/docs	no	#1178 merged 2026-09-22 #1163 merged 2026-09-21 (on develop 3ce8cd)		merged PR is a tagged sub-scope (KS-1188 MFASIBLINGS: pin the 503 on a getUserById ; KS-1188 F1a+F1b+F2: pin the 503 on a DEK-read faul) -> other items may remain; zero comments	#1013 gate findings (KS-999): the getUserById route-level 503 and its log line are unpinned; a burnt backup code is told to retry
KS-1187	MERGED-AWAITING-SWEEP	In Progress	1	kamil.kreiser@secuura.ai	kamil.kreiser@secuura.ai	18	17	merged	#1019@2026-09-17		yes - P1 security/correctness	no	#1019 merged 2026-09-17 (merge commit ancestor of develop 3ce8cd)		runtime fix merged; open only for §5f live sweep	Security: an absolute-form request target bypasses the KS-843 erasure door's scope/role gate (a connector without subjects:erase reaches originate)
KS-1185	TEST-OR-TOOLING	In Progress	3	kamil.kreiser@secuura.ai	kamil.kreiser@secuura.ai	18	13	merged	#1152@2026-09-21		no - test/tooling/docs	no	#1152 merged 2026-09-21 (on develop 3ce8cd)		merged PR is a tagged sub-scope (KS-1185 F4: pin the approve route's production for) -> other items may remain; zero comments	KS-1183 gate follow-ups: validate the approve forward timeout override, and pin the idle-timer, late-log and default-bound gaps
KS-1183	MERGED-AWAITING-SWEEP	In Progress	3	kamil.kreiser@secuura.ai	kamil.kreiser@secuura.ai	18	18	merged	#1010@2026-09-16		unknown - P3 product, not on a named 31 Oct path	no	#1010 merged 2026-09-16 (merge commit ancestor of develop 3ce8cd)		runtime fix merged; open only for §5f live sweep	workflow-approve: the forward to originate has no timeout, so an originate that never answers leaves the approve unanswered and a late 201 creates the document after the caller got nothing (KS-1087 gate F1)
KS-1182	MERGED-AWAITING-SWEEP	In Progress	3	kamil.kreiser@secuura.ai	kamil.kreiser@secuura.ai	18	9	merged	#1269@2026-09-25		unknown - P3 product, not on a named 31 Oct path	no	#1269 merged 2026-09-25 (merge commit ancestor of develop 3ce8cd)		runtime fix merged; open only for §5f live sweep	demo-service errorHandler: unchecked err.status (NaN crashes the process, 200/302/600 pass through), headersSent/err.headers/expose ignored — unreachable today (KS-844 gate F4/F7)
KS-1181	TEST-OR-TOOLING	In Progress	3	kamil.kreiser@secuura.ai	kamil.kreiser@secuura.ai	18	9	merged	#1222@2026-09-25 #1179@2026-09-22 #1159@2026-09-21		no - test/tooling/docs	no	#1222 merged 2026-09-25 #1179 merged 2026-09-22 #1159 merged 2026-09-21 (on develop 3ce8cd)		merged PR is a tagged sub-scope (KS-1181 CANARYHIT: the ks727 canary cells witness ; KS-1181 F3w: the error-handler guard header names ; KS-1181 F3: pin that the error-handler guard's hea) -> other items may remain	KS-727 error-handler guard: corpus-1 canary cells cannot witness a hit, and the header's 'a wrong count is a red test' sentence is false (KS-844 gate F2/F3)
KS-1180	TEST-OR-TOOLING	In Progress	3	kamil.kreiser@secuura.ai	kamil.kreiser@secuura.ai	18	17	merged	#1150@2026-09-21 #1029@2026-09-17		no - test/tooling/docs	no	#1150 merged 2026-09-21 #1029 merged 2026-09-17 (partial); residue stated in agent comment 2026-09-17 - not re-read at develop		merged part awaits sweep; named residue still open	ks1073 verify cells: the tier guard is not a tier witness, the _source comparison is unpinned, and the :353 marker comment under-describes it (KS-1073 gate P-1005-1..4)
KS-1179	TEST-OR-TOOLING	In Progress	3	kamil.kreiser@secuura.ai	kamil.kreiser@secuura.ai	18	8	merged	#1275@2026-09-26 #1224@2026-09-25 #1201@2026-09-22 #1157@2026-09-21		no - test/tooling/docs	no	#1275 merged 2026-09-26 #1224 merged 2026-09-25 #1201 merged 2026-09-22 (partial); residue stated in agent comment 2026-09-26 - not re-read at develop		merged part awaits sweep; named residue still open	safeOutboundRequest tests: no cell pins DNS-layer classification, ks932 cells depend on 203.0.113.7 hanging, DNS timer left armed (KS-932 gate F-1/F-2/F-3/F-6)
KS-1176	MERGED-AWAITING-SWEEP	In Progress	3	peter@obeden.com	kamil.kreiser@secuura.ai	18	18	merged	#1014@2026-09-16		unknown - P3 product, not on a named 31 Oct path	no	#1014 merged 2026-09-16 (merge commit ancestor of develop 3ce8cd)		runtime fix merged; open only for §5f live sweep	api-gateway: connector-key principals (verificationLevel 'api_key') fail meetsVerificationLevel against 'none' — every Platform-S originate 403s once the doc-type catalogue is seeded
KS-1175	MERGED-AWAITING-SWEEP	In Progress	2	stuart.jamieson@secuura.ai	kamil.kreiser@secuura.ai	18	12	merged	#1116@2026-09-20 #1105@2026-09-20		yes - P2 product	no	#1116 merged 2026-09-20 #1105 merged 2026-09-20 (merge commit ancestor of develop 3ce8cd)		runtime fix merged; open only for §5f live sweep	Anchor / originate / lifecycle-event schemas: accept and anchor platform-s's non-PII actor + organisation identity fields (actorDid, actorLevel, actorSource, actorVerified, orgDid, orgTrust, orgVerified) beside identityCommitment
KS-1173	NEEDS-HUMAN	In Review	2	stuart.jamieson@secuura.ai	kamil.kreiser@secuura.ai	19	5	merged	#1059@2026-09-18		yes - Platform-S Flow verbs	no	PR #1059 merged 2026-09-18 (same PR as KS-1172); not on demo-pk		Stuart-created; adds `certified` beyond KS-1172, so overlapping not identical - ASK Stuart whether to fold into KS-1172	Flow verbs: add `note`, `certified` and `verified` to the lifecycle vocabulary (platform-s Flow project)
KS-1172	NEEDS-HUMAN	In Review	2	stuart.jamieson@secuura.ai	kamil.kreiser@secuura.ai	19	5	merged	#1059@2026-09-18		yes - Platform-S needs verbs on demo/uat	no	PR #1059 merged 2026-09-18; kintsugi serves the verbs, demo-pk does not (comment 09-29)		Stuart-created; Kam/Stuart: deploy ordering to demo-pk/uat-ps (PS-981). Overlaps KS-1173 (same PR) - candidate DUPLICATE, survivor KS-1172 (older)	Add `note` and `verified` to the lifecycle vocabulary (LIFECYCLE_VERBS + LIFECYCLE_EVENT_ACTIONS) — S needs both for the Note feature and the Flow project
KS-1171	GENUINE-DEFECT	In Progress	3	kamil.kreiser@secuura.ai	kamil.kreiser@secuura.ai	20	9	merged	#1228@2026-09-25 #1176@2026-09-22		unknown - P3 product, not on a named 31 Oct path	no	#1228 merged 2026-09-25 #1176 merged 2026-09-22 (partial); residue stated in agent comment 2026-09-25 - not re-read at develop		merged part awaits sweep; named residue still open	"Guard 3's re-poll reads a MIXED window as ABSENT — one early ""not found"" then an unreachable chain still schedules a retry that can re-mint a written-ahead transaction (#805 tier-1 r3 residue)"
KS-1165	MERGED-AWAITING-SWEEP	In Progress	3	kamil.kreiser@secuura.ai		20	18	merged	#1003@2026-09-16 #1001@2026-09-16		unknown - P3 product, not on a named 31 Oct path	no	#1003 merged 2026-09-16 #1001 merged 2026-09-16 (merge commit ancestor of develop 3ce8cd)		runtime fix merged; open only for §5f live sweep	api-gateway CSRF excludedPaths carries no /api/v2/verification entry — the v2 verify paths are not excluded as v1's are
KS-1164	TEST-OR-TOOLING	In Progress	2	kamil.kreiser@secuura.ai	kamil.kreiser@secuura.ai	20	9	merged	#1271@2026-09-25 #1200@2026-09-22		no - test/tooling/docs	no	#1271 merged 2026-09-25 #1200 merged 2026-09-22 (partial); residue stated in agent comment 2026-09-25 - not re-read at develop		merged part awaits sweep; named residue still open	gate/report.ts writeGateReport overwrites the input summary when --summary does not end in -summary.json
KS-1159	TEST-OR-TOOLING	In Progress	3	kamil.kreiser@secuura.ai	kamil.kreiser@secuura.ai	20	9	merged	#1256@2026-09-25		no - test/tooling/docs	no	#1256 merged 2026-09-25 (partial); residue stated in agent comment 2026-09-25 - not re-read at develop		merged part awaits sweep; named residue still open	L3b gate record F-931-G1: the ks1061 shared-mock completeness guard is a text scanner — single-quoted jest.mock( only, non-recursive readdirSync, blind to jest.doMock and double quotes (F-931-G2 tsc-excludes-tests already homed at KS-1000 / KS-1090)
KS-1158	TEST-OR-TOOLING	In Progress	3	kamil.kreiser@secuura.ai	kamil.kreiser@secuura.ai	20	9	merged	#1238@2026-09-25 #1172@2026-09-22 #1153@2026-09-21		no - test/tooling/docs	no	#1238 merged 2026-09-25 #1172 merged 2026-09-22 #1153 merged 2026-09-21 (on develop 3ce8cd)		merged PR is a tagged sub-scope (KS-1158 R5a: re-point the ks1059 header citations ; KS-1158 R5b: re-point the anchor-failed test heade; KS-1158 R3: pin that a failed anchor's network car) -> other items may remain	L3a gate records (#912 r2 / #937): the placeholder-hash anchoredAt carry keys on string truthiness not authoritativeTxHash(), the network carry has one pin, stale line references in the ks1059 / ks1058 test headers
KS-1156	TEST-OR-TOOLING	In Progress	3	kamil.kreiser@secuura.ai	kamil.kreiser@secuura.ai	20	13	merged	#1162@2026-09-21 #1146@2026-09-21		no - test/tooling/docs	no	#1162 merged 2026-09-21 #1146 merged 2026-09-21 (on develop 3ce8cd)		merged PR is a tagged sub-scope (KS-1156 R-C2: POST /api/auth/refresh refuses a lab; KS-1156 A3: comment-only - the mount-shape comment) -> other items may remain; zero comments	"AUTH4 gate records (#983 r2 / #984 r2 / #986 / #987): H-limiter MACHINE_AUTH_METHODS never meets the oauth label, stale scopes.ts:125-126 docblock, H-mounts ""eight"" is seven, ks1151 test-quality R-C1/R-C2 + R-C3 wording, forward-only refresh window (deployment-side)"
KS-1155	TEST-OR-TOOLING	In Progress	4	kamil.kreiser@secuura.ai	kamil.kreiser@secuura.ai	20	9	merged	#1254@2026-09-25		no - test/tooling/docs	no	#1254 merged 2026-09-25 (partial); residue stated in agent comment 2026-09-25 - not re-read at develop		merged part awaits sweep; named residue still open	packages/shared tree-walking guards exceed vitest's 5 s default under fleet load — 5 cells at load 32, 9 at load 25–49, 5,243 ms alone at load 27; assertions hold (green solo / with testTimeout raised / at load 11) — a load class that costs a re-run on every merge
KS-1153	TEST-OR-TOOLING	In Progress	4	kamil.kreiser@secuura.ai	kamil.kreiser@secuura.ai	20	16	merged	#1056@2026-09-18		no - test/tooling/docs	no	#1056 merged 2026-09-18 (on develop 3ce8cd)		fix PR merged; no residue recorded; scope-closure vs DoD NOT checked -> close candidate; zero comments	L7 gate records (#918/#924/#925): run-code-guards.sh --check-unreached advisory arm unpinned, nested-guard basename resolution (:197-199), the shared package name outside a code span in #924's body, preflight.sh:166 step() header parse, the KS-1149 timing precision
KS-1152	TEST-OR-TOOLING	In Progress	3	kamil.kreiser@secuura.ai	kamil.kreiser@secuura.ai	21	13	merged	#1143@2026-09-21		no - test/tooling/docs	no	#1143 merged 2026-09-21 (on develop 3ce8cd)		merged PR is a tagged sub-scope (KS-1152 R1c + R1d: comment-only - cite generateAcc) -> other items may remain; zero comments	L5 gate records (#799/#880/#985): jwt.ts citation ×5, security log title, dist typeof discriminator, F-1 tenant log, F-3(a) uncovered, seed citation, documents.ts:452 second fold, TS6133 detector, priorKeysRevoked null, SQL-tamper gap
KS-1150	GENUINE-HARDENING	In Progress	2	kamil.kreiser@secuura.ai	kamil.kreiser@secuura.ai	21	20	merged	#987@2026-09-14		yes - P2 product	no	#987 merged 2026-09-14 (partial); residue stated in agent comment 2026-09-14 - not re-read at develop		merged part awaits sweep; named residue still open	OAuth /token grant hardening (measured by the #982 gate, pre-existing): the authorization_code grant has no status pin (:809), the refresh grant does not rotate/denylist the presented token (:836/:860), a 503-class lookup error is mapped to 500 (:889-891)
KS-1147	TEST-OR-TOOLING	In Progress	4	kamil.kreiser@secuura.ai	kamil.kreiser@secuura.ai	21	9	merged	#1251@2026-09-25		no - test/tooling/docs	no	#1251 merged 2026-09-25 (partial); residue stated in agent comment 2026-09-25 - not re-read at develop		merged part awaits sweep; named residue still open	"ks860 loopback guard boundary (R-5, #980 delta gate): a listen call carried as a string fixture in a `""`-literal with an escaped host `\""127.0.0.1\""` is reported as host-less — the mask copies the backslash, `:440` wants a bare quote"
KS-1144	TEST-OR-TOOLING	In Progress	4	kamil.kreiser@secuura.ai	kamil.kreiser@secuura.ai	21	9	merged	#1249@2026-09-25		no - test/tooling/docs	no	#1249 merged 2026-09-25 (partial); residue stated in agent comment 2026-09-25 - not re-read at develop		merged part awaits sweep; named residue still open	"ks781 J2 (KS-900 half): the default-only factory pin has no in-suite positive control (three `shapes.push` inert → 231/231), and `:4650` ""recorded once"" cannot fail (`Map<string, Set<string>>`)"
KS-1143	TEST-OR-TOOLING	In Progress	3	kamil.kreiser@secuura.ai	kamil.kreiser@secuura.ai	21	9	merged	#1248@2026-09-25 #1212@2026-09-23		no - test/tooling/docs	no	#1248 merged 2026-09-25 #1212 merged 2026-09-23 (partial); residue stated in agent comment 2026-09-25 - not re-read at develop		merged part awaits sweep; named residue still open	ks781 LEG F guard walk: a MENTION of a guard-bound local reads as a mount (`:2318`) — `void controlByteGuard; next();` leaves 19 admin routes `{ 19, true }`; and guard-BEFORE-parser reads `guarded: true` (no order predicate)
KS-1142	TEST-OR-TOOLING	In Progress	4	kamil.kreiser@secuura.ai	kamil.kreiser@secuura.ai	21	8	merged	#1287@2026-09-26		no - test/tooling/docs	no	#1287 merged 2026-09-26 (partial); residue stated in agent comment 2026-09-26 - not re-read at develop		merged part awaits sweep; named residue still open	Entrypoint corpus is pinned by TWO hand-maintained literals in two files — K1's 27-package presence set (`entrypoint-corpus.test.ts`) and ks781's 25-file `CORPUS` (`:1839-1865`) — a package add/remove now moves both; `services/blockchain` + `services/shared` are guarded by K1 alone
KS-1140	TEST-OR-TOOLING	In Progress	4	kamil.kreiser@secuura.ai	kamil.kreiser@secuura.ai	21	9	merged	#1263@2026-09-25 #1235@2026-09-25 #1142@2026-09-21		no - test/tooling/docs	no	#1263 merged 2026-09-25 #1235 merged 2026-09-25 #1142 merged 2026-09-21 (partial); residue stated in agent comment 2026-09-25 - not re-read at develop		merged part awaits sweep; named residue still open	ks879 guard: the 🔴 cell walks the tree on its own (`offendersUnder(DEV_ROOT)` :148) while the CONTROL and F1 vouch for `WALKED` (:136) — plus the docblock's four stale figures (GF-2/3/4, R1)
KS-1139	TEST-OR-TOOLING	In Progress	4	kamil.kreiser@secuura.ai	kamil.kreiser@secuura.ai	21	9	merged	#1260@2026-09-25 #1206@2026-09-23 #1192@2026-09-22		no - test/tooling/docs	no	#1260 merged 2026-09-25 #1206 merged 2026-09-23 #1192 merged 2026-09-22 (on develop 3ce8cd)		merged PR is a tagged sub-scope (KS-1139 ARITHSTATUS: the 8 sync-secrets counters s; KS-1139 ERREXITBEHAVIOUR: run run_check under bash; KS-1139 ERREXIT: validate-lint.sh arithmetic count) -> other items may remain	Bare arithmetic-command `((X++))` under `set -e` — exits 1 at 0 and bash ≥ 4.1 errexit kills the script: 10 errexit-live sites remain in `sync-secrets.sh` (×8) and `validate-lint.sh` (×2) after #977's docker-build.sh fix
KS-1137	TEST-OR-TOOLING	In Progress	4	kamil.kreiser@secuura.ai	kamil.kreiser@secuura.ai	21	14	merged	#1117@2026-09-20		no - test/tooling/docs	no	#1117 merged 2026-09-20 (on develop 3ce8cd)		merged PR is a tagged sub-scope (KS-1137 F2-ESTATEIMAGE-1: pin that the trivy filte) -> other items may remain; zero comments	KS-878/867 suites: no cell names the real digit-bearing image (`dev-m365-integration:latest`); the 04 suite checks `jq` on the outer PATH (:33) but runs on the private PATH (:85)
KS-1136	TEST-OR-TOOLING	In Progress	3	kamil.kreiser@secuura.ai	kamil.kreiser@secuura.ai	21	16	merged	#1051@2026-09-18		no - test/tooling/docs	no	#1051 merged 2026-09-18 (on develop 3ce8cd)		fix PR merged; no residue recorded; scope-closure vs DoD NOT checked -> close candidate	Audit jobs: a per-image trivy failure reads as a CLEAN image in 04 (`|| echo '{}'` + unguarded norm), and jobs 01/02/03/05/06/07/08 keep the unparseable-artefact hole 09 guards for 04 only
KS-1135	TEST-OR-TOOLING	In Progress	4	kamil.kreiser@secuura.ai	kamil.kreiser@secuura.ai	21	9	merged	#1234@2026-09-25 #1131@2026-09-21		no - test/tooling/docs	no	#1234 merged 2026-09-25 #1131 merged 2026-09-21 (on develop 3ce8cd)		merged PR is a tagged sub-scope (KS-1127 + KS-1089 + KS-1135: run-shell-suites coun; KS-1135 MANIFESTQUARANTINESTDERR-1: print the tsx ) -> other items may remain	run-shell-suites.sh fails 6 of 25 suites under a long TMPDIR — tsx's IPC socket path exceeds macOS's ~104-byte sun_path limit (listen EINVAL); preflight leg 14 reds for the wrong reason
KS-1133	TEST-OR-TOOLING	In Progress	4	kamil.kreiser@secuura.ai	kamil.kreiser@secuura.ai	21	9	merged	#1233@2026-09-25 #1151@2026-09-21		no - test/tooling/docs	no	#1233 merged 2026-09-25 #1151 merged 2026-09-21 (on develop 3ce8cd)		fix PR merged; no residue recorded; scope-closure vs DoD NOT checked -> close candidate	verify-hash precedence: v1 hash-LAST, v2 hash-FIRST — document the split on both routes' descriptions (Kam 2026-09-13)
KS-1131	TEST-OR-TOOLING	In Progress	4	kamil.kreiser@secuura.ai	kamil.kreiser@secuura.ai	21	9	merged	#1230@2026-09-25		no - test/tooling/docs	no	#1230 merged 2026-09-25 (partial); residue stated in agent comment 2026-09-25 - not re-read at develop		merged part awaits sweep; named residue still open	ks963 structural cells count raw text — a comment naming consumeResetToken reds the cell, a deleted consume stays green, a non-await write stays green, the wallet slice is positional
KS-1129	GENUINE-DEFECT	In Progress	3	kamil.kreiser@secuura.ai	kamil.kreiser@secuura.ai	21	6	merged	#1323@2026-09-28 #1280@2026-09-26 #1220@2026-09-25 #999@2026-09-16		unknown - P3 product, not on a named 31 Oct path	no	#1323 merged 2026-09-28 #1280 merged 2026-09-26 #1220 merged 2026-09-25 (partial); residue stated in agent comment 2026-09-28 - not re-read at develop		merged part awaits sweep; named residue still open	anchoring's raw pg BIGINT reaches persisted and live readers unshaped
KS-1128	GENUINE-HARDENING	In Progress	4	kamil.kreiser@secuura.ai	kamil.kreiser@secuura.ai	21	9	merged	#1232@2026-09-25		unknown - P4 product, not on a named 31 Oct path	no	#1232 merged 2026-09-25 (partial); residue stated in agent comment 2026-09-25 - not re-read at develop		merged part awaits sweep; named residue still open	The platform tenant seed's catch logs `Platform tenant seed skipped` at debug — the KS-962 class on the platform-DB path: a seed that cannot seed reports into a level the demo does not read
KS-1127	TEST-OR-TOOLING	In Progress	4	kamil.kreiser@secuura.ai	kamil.kreiser@secuura.ai	21	9	merged	#1234@2026-09-25		no - test/tooling/docs	no	#1234 merged 2026-09-25 (partial); residue stated in agent comment 2026-09-25 - not re-read at develop		merged part awaits sweep; named residue still open	run-shell-suites.sh counts an exit-0 SKIP as `passed` — a suite that ran 0 of its cells reads identically to one that ran all of them in `shell suites: N passed`
KS-1124	GENUINE-DEFECT	In Progress	3	kamil.kreiser@secuura.ai	kamil.kreiser@secuura.ai	21	6	merged	#1333@2026-09-28 #1324@2026-09-28		unknown - P3 product, not on a named 31 Oct path	no	#1333 merged 2026-09-28 #1324 merged 2026-09-28 (partial); residue stated in agent comment 2026-09-28 - not re-read at develop		merged part awaits sweep; named residue still open	"originate: a non-prod certification whose anchoring submission FAILED persists `confidence:'pending-onchain'` beside `anchoringStatus:'failed'` and is reported ""pending-onchain"" by the gateway indefinitely; and the thread-token mint REPLACES the document's blockchain blob (a fifth statusless producer, racing the anchor accept write) (QA-967/968 F4 + O1)"
KS-1123	GENUINE-HARDENING	In Progress	3	kamil.kreiser@secuura.ai	kamil.kreiser@secuura.ai	21	13	merged	#1168@2026-09-22 #1002@2026-09-16		unknown - P3 product, not on a named 31 Oct path	no	#1168 merged 2026-09-22 #1002 merged 2026-09-16 (partial); residue stated in agent comment 2026-09-16 - not re-read at develop		merged part awaits sweep; named residue still open	"api-gateway verify: an empty-string / 0 / false anchor status is one edit (`??`→`||` at :597) from an unearned ON-CHAIN claim on both tiers and no cell would notice — plus the unpinned ""always has a status"" / ""statusless only"" claims and three stale pointers (QA-967/968 F3 + F1 + F2 + P1–P3)"
KS-1118	TEST-OR-TOOLING	In Progress	4	kamil.kreiser@secuura.ai	kamil.kreiser@secuura.ai	21	9	merged	#1223@2026-09-25 #1170@2026-09-22 #1149@2026-09-21		no - test/tooling/docs	no	#1223 merged 2026-09-25 #1170 merged 2026-09-22 #1149 merged 2026-09-21 (on develop 3ce8cd)		fix PR merged; no residue recorded; scope-closure vs DoD NOT checked -> close candidate	"POST /api/verification/verify: the `documentHash`-over-`hash` precedence is unpinned, and the why-comment + test header overclaim ""every body that worked before keeps its answer"" (QA-965 F-2 + F-3)"
KS-1117	TEST-OR-TOOLING	In Progress	4	kamil.kreiser@secuura.ai	kamil.kreiser@secuura.ai	21	9	merged	#1243@2026-09-25		no - test/tooling/docs	no	#1243 merged 2026-09-25 (on develop 3ce8cd)		merged PR is a tagged sub-scope (KS-1117 + KS-1300 BOMSTRIP: strip a leading U+FEFF) -> other items may remain	"k6 YAML loader: a BOM immediately followed by a comment is a marked syntax error in js-yaml 5.2.3, so a comments-only config prints ""at line 1, column 2"" — strip a leading U+FEFF in readYaml() (QA-963-2)"
KS-1111	TEST-OR-TOOLING	In Progress	3	kamil.kreiser@secuura.ai	kamil.kreiser@secuura.ai	22	9	merged	#1244@2026-09-25		no - test/tooling/docs	no	#1244 merged 2026-09-25 (on develop 3ce8cd)		merged PR is a tagged sub-scope (KS-1111 ECHOMASK: mask every interpretation of an ) -> other items may remain	k6 echo mask reads one argument of lookbehind — a flag value that looks like an env flag prints the next env assignment in clear (QA-961-1..3; two regressions from #961)
KS-1110	TEST-OR-TOOLING	In Progress	4	kamil.kreiser@secuura.ai	kamil.kreiser@secuura.ai	22	9	merged	#1236@2026-09-25		no - test/tooling/docs	no	#1236 merged 2026-09-25 (partial); residue stated in agent comment 2026-09-25 - not re-read at develop		merged part awaits sweep; named residue still open	Two k6 unit tests parse config/scenarios.yml with js-yaml directly, bypassing readYaml(), so a malformed scenarios.yml prints its lines into the test output (QA-960-2)
KS-1101	GENUINE-DEFECT	In Progress	3	kamil.kreiser@secuura.ai	kamil.kreiser@secuura.ai	23	17	merged	#1063@2026-09-19 #1037@2026-09-18		unknown - P3 product, not on a named 31 Oct path	no	#1063 merged 2026-09-19 #1037 merged 2026-09-18 (partial); residue stated in agent comment 2026-09-18 - not re-read at develop		merged part awaits sweep; named residue still open	Gateway health aggregates read anchoring's HTTP status only, so its degraded body (#728) never reaches /health/deep, /system/status or the health dashboard
KS-1098	TEST-OR-TOOLING	In Progress	3	kamil.kreiser@secuura.ai	kamil.kreiser@secuura.ai	23	21	merged	#961@2026-09-12		no - test/tooling/docs	no	#961 merged 2026-09-12 (partial); residue stated in agent comment 2026-09-13 - not re-read at develop		merged part awaits sweep; named residue still open	k6 runner echo mask: -e=NAME=VALUE and -qe NAME=VALUE still print the value, contrary to its JSDoc; the name set and BASE_URL userinfo are open; PASSWD is unpinned (QA-958-1..3)
KS-1097	TEST-OR-TOOLING	In Progress	4	kamil.kreiser@secuura.ai	kamil.kreiser@secuura.ai	23	13	merged	#1197@2026-09-22 #1195@2026-09-22 #1193@2026-09-22 #1140@2026-09-21		no	no	PRs #1140..#1197 merged (merge-rule docs)		agent-process docs	Merge-rule docs after #957: the v4 footer and two gate statements gloss TESTED weakly, 'the reviewer' has no referent, one sentence lets a person sign off (QA-957-1..5, W-2)
KS-1090	TEST-OR-TOOLING	In Progress	4	kamil.kreiser@secuura.ai	kamil.kreiser@secuura.ai	23	7	merged	#1305@2026-09-27		no - test/tooling/docs	no	#1305 merged 2026-09-27 (partial); residue stated in agent comment 2026-09-27 - not re-read at develop		merged part awaits sweep; named residue still open	api-gateway + originate: tsc never type-checks #951's three wiring tests, and the mint-scope test pins 2 of 17 non-originate keys
KS-1089	TEST-OR-TOOLING	In Progress	4	kamil.kreiser@secuura.ai	kamil.kreiser@secuura.ai	23	9	merged	#1234@2026-09-25		no - test/tooling/docs	no	#1234 merged 2026-09-25 (on develop 3ce8cd)		merged PR is a tagged sub-scope (KS-1127 + KS-1089 + KS-1135: run-shell-suites coun) -> other items may remain	run-shell-suites.sh polish from #953's tier-2 gate: make `--list` survive a tree with no suites on bash 3.2 (QA-8, `:72`) and give the git-list refusal a headline per cause (QA-7)
KS-1087	GENUINE-HARDENING	In Progress	2	kamil.kreiser@secuura.ai	kamil.kreiser@secuura.ai	24	18	merged	#1010@2026-09-16 #1008@2026-09-16		yes - P2 product	no	#1010 merged 2026-09-16 #1008 merged 2026-09-16 (partial); residue stated in agent comment 2026-09-16 - not re-read at develop		merged part awaits sweep; named residue still open	"workflow-approve deletes the pending document and answers 200 ""Document has been created"" without reading originate's response — a refused forward (401, measured) loses the document"
KS-1084	UNVERIFIED	In Progress	0	kamil.kreiser@secuura.ai	kamil.kreiser@secuura.ai	24	10	merged	#1211@2026-09-23		yes - possible cross-tenant effect (P0 label)	no	"own comment: ""headline claim is unverified in both directions""; PR #1211 merged 09-23"		settle: measure gateway->originate calls without x-tenant-id on a multi-tenant stack	READ ONLY / unverified: the gateway's own Authorization-only calls to originate send no x-tenant-id — single-tenant originate may scope them to DEFAULT_TENANT_ID
KS-1081	TEST-OR-TOOLING	In Progress	2	kamil.kreiser@secuura.ai	kamil.kreiser@secuura.ai	24	6	merged	#1205@2026-09-23 #1191@2026-09-22		no - test/tooling/docs	no	#1205 merged 2026-09-23 #1191 merged 2026-09-22 (partial); residue stated in agent comment 2026-09-28 - not re-read at develop		merged part awaits sweep; named residue still open	CONFIG DRIFT: two tracked env templates disagree by ~39 vars — bootstrap-env.sh reads .env.example, CLAUDE.md documents env.example
KS-1074	GENUINE-DEFECT	In Progress	3	kamil.kreiser@secuura.ai	kamil.kreiser@secuura.ai	25	8	merged	#1281@2026-09-26		unknown - P3 product, not on a named 31 Oct path	no	#1281 merged 2026-09-26 (partial); residue stated in agent comment 2026-09-26 - not re-read at develop		merged part awaits sweep; named residue still open	The poller/reconcile blob writers also erase threadToken — on the CONFIRM/heal path, not just the failure path #936 fixes
KS-1073	TEST-OR-TOOLING	In Progress	4	kamil.kreiser@secuura.ai		25	18	merged	#1005@2026-09-16		no - test/tooling/docs	no	#1005 merged 2026-09-16 (on develop 3ce8cd)		fix PR merged; no residue recorded; scope-closure vs DoD NOT checked -> close candidate	Tier-2 verify has no statusless-blob cell — the carve-out is unguarded on the tier a third party reaches
KS-1072	MERGED-AWAITING-SWEEP	In Progress	4	kamil.kreiser@secuura.ai	kamil.kreiser@secuura.ai	25	18	merged	#1016@2026-09-16		unknown - P4 product, not on a named 31 Oct path	no	#1016 merged 2026-09-16 (merge commit ancestor of develop 3ce8cd)		runtime fix merged; open only for §5f live sweep	The latest-anchor selector documents a `confirmedAt` tiebreak it does not implement — and since KS-1057 that selector decides the verdict
KS-1063	NEEDS-HUMAN	In Review	3	kamil.kreiser@secuura.ai	peter@obeden.com	25	4	merged	#1353@2026-09-30		no - test gate	no	branch not pushed, no PR (comment 10-01); attached #1353 is a different ticket		Peter: push/raise the PR (assigned Peter)	"A gate that examined NOTHING exits 0 — check-package-format reports ""0 packages checked, 4 skipped"" as a pass, and the hook's systemTest-only path skips in silence (third instrument in the family)"
KS-1054	MERGED-AWAITING-SWEEP	In Progress	2	kamil.kreiser@secuura.ai	kamil.kreiser@secuura.ai	25	4	merged	#1359@2026-09-30 #1357@2026-09-30 #1350@2026-09-29 #1348@2026-09-29 #1346@2026-09-29 #1332@2026-09-28		yes - fresh DB fail-open RLS until second boot	no	PRs #1332..#1359 merged (latest 2026-09-30); migrations/039_rls_fail_closed.sql present at 3ce8cd		child of KS-1336; deploy-script wording follow-ups, live sweep owed	Fresh databases are FAIL-OPEN until the second boot — 039_rls_fail_closed does not apply on boot 1 (file stage runs before the CORE stage it depends on)
KS-1050	GENUINE-HARDENING	In Progress	3	kamil.kreiser@secuura.ai	kamil.kreiser@secuura.ai	25	17	merged	#1018@2026-09-17		unknown - P3 product, not on a named 31 Oct path	no	#1018 merged 2026-09-17 (partial); residue stated in agent comment 2026-09-17 - not re-read at develop		merged part awaits sweep; named residue still open	users.ts:933 answers success: true over a 0-row profile update — KS-943 changes the symptom from stale values to undefined ones
KS-1049	TEST-OR-TOOLING	In Progress	3	kamil.kreiser@secuura.ai	kamil.kreiser@secuura.ai	25	5	merged	#1137@2026-09-21		no - test/tooling/docs	no	#1137 merged 2026-09-21 (partial); residue stated in agent comment 2026-09-29 - not re-read at develop		merged part awaits sweep; named residue still open	A PR's Test Evidence must state whether the preflight RAN — the hook skips systemTest/docs/vault-only pushes and emits nothing at all
KS-1047	TEST-OR-TOOLING	In Progress	3	kamil.kreiser@secuura.ai	kamil.kreiser@secuura.ai	25	12	merged	#1190@2026-09-22		no - test/tooling/docs	no	#1190 merged 2026-09-22 (on develop 3ce8cd)		merged PR is a tagged sub-scope (KS-1047 STACKLEGS: pre-push comment drops the stal) -> other items may remain	pre-push:230 names the stack-dependent legs as (3, 4, 7); measured they are 3, 4, 8 — a comment asserting a corpus that moved
KS-1045	TEST-OR-TOOLING	In Progress	3	kamil.kreiser@secuura.ai	kamil.kreiser@secuura.ai	25	13	merged	#1139@2026-09-21		no - test/tooling/docs	no	#1139 merged 2026-09-21 (on develop 3ce8cd)		merged PR is a tagged sub-scope (KS-1045 A + B: KINTSUGI-DEV-SERVER-PLAN.md: Stage ) -> other items may remain; zero comments	"KINTSUGI-DEV-SERVER-PLAN.md still says the VM ""has NOT been created"" — Stage B ran ~3 weeks ago and the credit-expiry warning has lapsed"
KS-1040	TEST-OR-TOOLING	In Progress	3	kamil.kreiser@secuura.ai	kamil.kreiser@secuura.ai	25	12	merged	#1188@2026-09-22		no - test/tooling/docs	no	#1188 merged 2026-09-22 (on develop 3ce8cd)		merged PR is a tagged sub-scope (KS-1040 SWEEPRC: preflight leg 4 reports sweep-not) -> other items may remain	Push preflight leg 4 reports 'a published path is unroutable' when the real cause is an exhausted login budget
KS-1037	TEST-OR-TOOLING	In Progress	3	kamil.kreiser@secuura.ai	kamil.kreiser@secuura.ai	25	13	merged	#1137@2026-09-21		no - test/tooling/docs	no	#1137 merged 2026-09-21 (on develop 3ce8cd)		merged PR is a tagged sub-scope (KS-1037 + KS-1049 A: CONTRIBUTING.md adds the no-f) -> other items may remain; zero comments	The NO-FORCE-PUSH rule exists only in .githooks/pre-push and in no .md — document it in CONTRIBUTING.md with its ALLOW_FORCE escape and the merge-in alternative
KS-1036	TEST-OR-TOOLING	In Progress	2	kamil.kreiser@secuura.ai	kamil.kreiser@secuura.ai	25	13	merged	#1136@2026-09-21		no - board/process overlay	no	PR #1136 merged (KS-1036 item3 only)		agent-process ticket about the review-stream overlay; candidate NOT-GENUINE for the product backlog (not settled: description only)	The review-stream overlay covers 57 of 114 active tickets, and DEV-PROCESS still says 'nothing left over'
KS-1035	TEST-OR-TOOLING	In Progress	2	kamil.kreiser@secuura.ai	kamil.kreiser@secuura.ai	25	13	merged	#1136@2026-09-21		no - merge-process tooling	no	PR #1136 merged (DEV-PROCESS.md note only)		agent-process ticket	The merge gate cannot see a WITHDRAWN approval — #813 reads approved+clean against the reviewer's written refusal
KS-1034	TEST-OR-TOOLING	In Progress	3	kamil.kreiser@secuura.ai	kamil.kreiser@secuura.ai	26	12	merged	#1187@2026-09-22		no - test/tooling/docs	no	#1187 merged 2026-09-22 (on develop 3ce8cd)		merged PR is a tagged sub-scope (KS-1034 HOOKENV: check-stack-safety.sh repo root u) -> other items may remain; zero comments	"check-stack-safety.sh resolves the WRONG repo root inside a git hook and calls present files ""deleted"" — a class bug in any guard using rev-parse --show-toplevel"
KS-1033	TEST-OR-TOOLING	In Progress	3	kamil.kreiser@secuura.ai	kamil.kreiser@secuura.ai	26	10	merged	#1209@2026-09-23 #1185@2026-09-22		no - test/tooling/docs	no	#1209 merged 2026-09-23 #1185 merged 2026-09-22 (partial); residue stated in agent comment 2026-09-25 - not re-read at develop		merged part awaits sweep; named residue still open	KS-926 residue: the three guards that could NOT be wired, and what each needs first — a wrong diff base, a self-contradicting default, and a whole-machine read
KS-1031	NEEDS-HUMAN	In Progress	2	kamil.kreiser@secuura.ai	kamil.kreiser@secuura.ai	26	12	merged	#1183@2026-09-22		yes - wrong deploy order shreds connector erasures	no	PR #1183 merged 2026-09-22 (run-migrations exits 3); deploy-order condition (apply 048 before originate image) is an operator action		Kam/deploy owner: confirm 048 applied before next originate roll	KS-754 gate F-4: DEPLOY CONDITION — apply 048 BEFORE rolling the originate image, or every connector erasure shreds the DEK then aborts forever (and run-migrations.sh exits 0 when migrations fail)
KS-1028	MERGED-AWAITING-SWEEP	In Progress	2	kamil.kreiser@secuura.ai	kamil.kreiser@secuura.ai	26	12	merged	#1184@2026-09-22		yes - erasure data-loss path (MAJOR)	no	PR #1184 merged 2026-09-22 (step-12 throw no longer skips USER_ERASED fan-out)		no ticket comment since merge	KS-754 gate F-1 (MAJOR): a step-12 throw skips the USER_ERASED fan-out AFTER the crypto-shred — local data destroyed, four subscribers keep theirs
KS-1027	TEST-OR-TOOLING	In Review	3	kamil.kreiser@secuura.ai	kamil.kreiser@secuura.ai	26	25	open		#927	no	no	PR #927 OPEN 25d idle		stalled In Review	KS-992 follow-ups from Peter's #904 review: restore()'s own cp is still unchecked, the refusal path deletes the partial stash, and the shared-helper item is unrecorded
KS-1018	GENUINE-DEFECT	In Progress	3	kamil.kreiser@secuura.ai	kamil.kreiser@secuura.ai	26	17	merged	#1015@2026-09-16		unknown - P3 product, not on a named 31 Oct path	no	#1015 merged 2026-09-16 (partial); residue stated in agent comment 2026-09-17 - not re-read at develop		merged part awaits sweep; named residue still open	Security/correctness: three verification-store reads swallow EVERY DB error with a bare `catch { }` and answer from an in-memory map — a DB outage reads as 'no such request'
KS-1015	TEST-OR-TOOLING	In Progress	3	peter@obeden.com	kamil.kreiser@secuura.ai	26	3	merged	#1375@2026-10-04 #1367@2026-10-01		no	no	PRs #1367/#1375 merged; sweep-triage tracker (untriaged check/operation pairs)		Peter-created; triage tracker	Sweeps 2026-09-08: 28 check/operation pairs have no live owner — 18 untriaged (the /api/auth/ + /mfa/ surface has ZERO baseline coverage) and 10 citing tickets that are Done
KS-1011	TEST-OR-TOOLING	In Progress	3	kamil.kreiser@secuura.ai	kamil.kreiser@secuura.ai	26	12	merged	#1181@2026-09-22		no - test/tooling/docs	no	#1181 merged 2026-09-22 (on develop 3ce8cd)		merged PR is a tagged sub-scope (KS-1011 MARKERWARN: start-secuura.sh warns, loud a) -> other items may remain; zero comments	"KS-666 stack marker reads ""unknown"" for owner/branch/commit/started_at whenever the stack is not started via start-secuura.sh"
KS-1006	MERGED-AWAITING-SWEEP	In Progress	4	kamil.kreiser@secuura.ai	kamil.kreiser@secuura.ai	26	14	merged	#1135@2026-09-21 #1118@2026-09-20		unknown - P4 product, not on a named 31 Oct path	no	#1135 merged 2026-09-21 #1118 merged 2026-09-20 (merge commit ancestor of develop 3ce8cd)		runtime fix merged; no comment states the sweep - §5f implied; merged PR is a tagged sub-scope - other items may remain	POST /api/users/me/mfa/disable skips code verification when mfaSecret is falsy — the second door
KS-999	MERGED-AWAITING-SWEEP	In Progress	2	kamil.kreiser@secuura.ai	kamil.kreiser@secuura.ai	26	18	merged	#1013@2026-09-16		yes - P2 product	no	#1013 merged 2026-09-16 (merge commit ancestor of develop 3ce8cd)		runtime fix merged; open only for §5f live sweep	getUserById's decrypt path escapes the KS-253 classifier — `return await fromRow(...)`, and the characterisation cell that cannot reach its own conclusion
KS-980	TEST-OR-TOOLING	In Progress	4	kamil.kreiser@secuura.ai	kamil.kreiser@secuura.ai	27	9	merged	#1242@2026-09-25		no - test/tooling/docs	no	#1242 merged 2026-09-25 (partial); residue stated in agent comment 2026-09-25 - not re-read at develop		merged part awaits sweep; named residue still open	The KS-597 integration suite claims two RLS-permissive paths and exercises one — platform_bypass never reaches its own mechanism
KS-976	MERGED-AWAITING-SWEEP	In Progress	3	kamil.kreiser@secuura.ai	kamil.kreiser@secuura.ai	27	9	merged	#1217@2026-09-25 #1199@2026-09-22		unknown - P3 product, not on a named 31 Oct path	no	#1217 merged 2026-09-25 #1199 merged 2026-09-22 (merge commit ancestor of develop 3ce8cd)		runtime fix merged; no comment states the sweep - §5f implied; merged PR is a tagged sub-scope - other items may remain	"Rate-limit refusals name the wrong field: 400 says ""Key required"" when the key was fine, and 403 says ""Caller has no tenant"" when the caller has one"
KS-975	GENUINE-DEFECT	In Progress	3	kamil.kreiser@secuura.ai	kamil.kreiser@secuura.ai	27	9	merged	#1216@2026-09-25 #1161@2026-09-21		unknown - P3 product, not on a named 31 Oct path	no	#1216 merged 2026-09-25 #1161 merged 2026-09-21 (partial); residue stated in agent comment 2026-09-25 - not re-read at develop		merged part awaits sweep; named residue still open	rateLimitScope tri-state: a MALFORMED `sub` silently became a 403 on the ungated /check, and `null` still slips through explicitScope's second line
KS-974	MERGED-AWAITING-SWEEP	In Progress	2	kamil.kreiser@secuura.ai	kamil.kreiser@secuura.ai	27	9	merged	#1198@2026-09-22		yes - P2 security/correctness	no	#1198 merged 2026-09-22 (merge commit ancestor of develop 3ce8cd)		runtime fix merged; no comment states the sweep - §5f implied; merged PR is a tagged sub-scope - other items may remain	Published bound vs runtime bound on rate-limit scope: /check enforces code UNITS against a published code-POINT maxLength, and scopeField bounds the untrimmed string
KS-973	TEST-OR-TOOLING	In Progress	3	kamil.kreiser@secuura.ai	kamil.kreiser@secuura.ai	27	20	open		#989	no	no	PR #989 OPEN 20d idle (waits on #927)		stalled	KS-969 round-1 gate residue: the pre-suite step and its own test suite — six items on one path
KS-972	TEST-OR-TOOLING	In Progress	3	peter@obeden.com	kamil.kreiser@secuura.ai	27	12	merged	#1180@2026-09-22		no - test/tooling/docs	no	#1180 merged 2026-09-22 (on develop 3ce8cd)		merged PR is a tagged sub-scope (KS-972 BANNER: start-secuura.sh no longer prints t) -> other items may remain	start-secuura.sh banner prints admin@secuura.com / admin123, which has returned 401 since PR #888
KS-969	TEST-OR-TOOLING	In Review	3	kamil.kreiser@secuura.ai	kamil.kreiser@secuura.ai	27	4	merged	#892@2026-09-07	#989	no	no	PR #989 OPEN, #892 merged; residue per 09-14 note			systemTest actor/credential path: provisioning is never invoked, so the generated-actor path never resolves — and exactly one site (the SYSTEM_ADMIN persona) can never use it
KS-968	GENUINE-DEFECT	In Progress	2	kamil.kreiser@secuura.ai	kamil.kreiser@secuura.ai	27	20	merged	#905@2026-09-14		yes - P2 security/correctness	no	#905 merged 2026-09-14 (partial); residue stated in agent comment 2026-09-14 - not re-read at develop		merged part awaits sweep; named residue still open	MAJOR: when both platform-admin rows exist the id-row rewrite throws 23505, the seed loop swallows it, and the KS-966 F3 email arm never runs — with a green cell standing over the hole
KS-966	UNVERIFIED	In Progress	2	kamil.kreiser@secuura.ai		27	23	merged	#888@2026-09-07		no	no	PR #888 merged 09-07; comment 09-11 says items 3 and 4 CLOSED		appears delivered; settle: confirm no admin123 default in compose/env templates (KS-965 tracks docs sites)	Retire the published SYSTEM_ADMIN credential (Kam: rotate-properly) — a deletion, not a rotation: no new shared secret is needed
KS-965	TEST-OR-TOOLING	In Progress	4	kamil.kreiser@secuura.ai	kamil.kreiser@secuura.ai	27	10	merged	#1202@2026-09-23		no - test/tooling/docs	no	#1202 merged 2026-09-23 (partial); residue stated in agent comment 2026-09-25 - not re-read at develop		merged part awaits sweep; named residue still open	87 documentary sites still publish the retired admin credential — wrong rather than dangerous, clean up after KS-964's code items
KS-962	MERGED-AWAITING-SWEEP	In Progress	2	kamil.kreiser@secuura.ai	kamil.kreiser@secuura.ai	27	21	merged	#973@2026-09-13		yes - P2 product	no	#973 merged 2026-09-13 (merge commit ancestor of develop 3ce8cd)		runtime fix merged; open only for §5f live sweep; merged PR is a tagged sub-scope - other items may remain	The api-gateway user seed throws 42P10 on every boot and has never seeded anything — remove its INSERT, do NOT repoint the conflict target
KS-961	TEST-OR-TOOLING	In Review	3	kamil.kreiser@secuura.ai	kamil.kreiser@secuura.ai	28	21	open		#887	no	no	PR #887 OPEN 21d idle (awaiting Peter approval)		stalled In Review	The aggregate workspace suite never runs on a PR — wire it advisory (Kam: wire-nonblocking), and it is RED on develop today
KS-958	TEST-OR-TOOLING	In Progress	2	kamil.kreiser@secuura.ai	kamil.kreiser@secuura.ai	28	13	merged	#1132@2026-09-21		no - test/tooling/docs	no	#1132 merged 2026-09-21 (on develop 3ce8cd)		fix PR merged; no residue recorded; scope-closure vs DoD NOT checked -> close candidate; zero comments	The re-link guard matches the JS runtime name case-sensitively — every UPPERCASE spelling is exempt, and ENV NODE_ENV is in 13 of 35 Dockerfiles
KS-957	TEST-OR-TOOLING	In Progress	3	kamil.kreiser@secuura.ai	kamil.kreiser@secuura.ai	28	14	merged	#1121@2026-09-21		no - test/tooling/docs	no	#1121 merged 2026-09-21 (on develop 3ce8cd)		merged PR is a tagged sub-scope (KS-957 F4-TOOLINGTOKENS-1: red-proof each tooling ) -> other items may remain	KS-930 round-2 gate residue: the guard and its suite write three claims that are false and cannot notice — a census wrong at every SHA, a clause that cannot fail, and a CONTROL that does not control
KS-947	TEST-OR-TOOLING	In Progress	2	kamil.kreiser@secuura.ai	kamil.kreiser@secuura.ai	28	13	merged	#1167@2026-09-22		no - test/tooling/docs	no	#1167 merged 2026-09-22 (on develop 3ce8cd)		fix PR merged; no residue recorded; scope-closure vs DoD NOT checked -> close candidate; zero comments	KS-733 gate blindness (F3+F4): the parity cell misses skip:() and mount ORDER, and is purely relative so both mounts can drift off the published spec
KS-946	UNVERIFIED	In Review	3	kamil.kreiser@secuura.ai	kamil.kreiser@secuura.ai	28	26	merged	#884@2026-09-06		no - re-priced P3	no	comment 09-08: 3 of 4 spellings 404, the 4th fixed by #884 (KS-858, merged); author recommends close after a second read of the re-price		settle: Kam confirms the P3 re-price -> ALREADY-FIXED/close	Four path spellings dodge EVERY path-scoped gateway limiter — a CLASS across all eight mounts; first act is the booted-stack experiment
KS-944	TEST-OR-TOOLING	In Progress	3	kamil.kreiser@secuura.ai	kamil.kreiser@secuura.ai	28	13	merged	#1160@2026-09-21		no - test/tooling/docs	no	#1160 merged 2026-09-21 (on develop 3ce8cd)		merged PR is a tagged sub-scope (KS-944 SPECPIN: pin the security list the six wall) -> other items may remain; zero comments	The gateway's auth gate reads the spec's security: [] — nothing pins the four public wallet ops, and three suites stay green if one flips
KS-937	TEST-OR-TOOLING	In Progress	2	kamil.kreiser@secuura.ai	kamil.kreiser@secuura.ai	28	21	merged	#876@2026-09-07 #874@2026-09-14		no - test/tooling/docs	no	#876 merged 2026-09-07 #874 merged 2026-09-14 (partial); residue stated in agent comment 2026-09-13 - not re-read at develop		merged part awaits sweep; named residue still open	KS-921 residue: the re-link guard's awk parser is still case-sensitive — a lowercase `copy --from=builder … node_modules` reports 1 of 1 CLEAN, which is the #851 outage shape exactly
KS-932	MERGED-AWAITING-SWEEP	In Progress	2	kamil.kreiser@secuura.ai		28	18	merged	#1004@2026-09-16		yes - P2 product	no	#1004 merged 2026-09-16 (merge commit ancestor of develop 3ce8cd)		runtime fix merged; open only for §5f live sweep	timeoutMs does not bound DNS resolution — a hung lookup leaves safeOutboundRequest pending well past its declared deadline
KS-934	MERGED-AWAITING-SWEEP	In Progress	3	kamil.kreiser@secuura.ai	kamil.kreiser@secuura.ai	28	8	merged	#1274@2026-09-26		unknown - P3 product, not on a named 31 Oct path	no	#1274 merged 2026-09-26 (merge commit ancestor of develop 3ce8cd)		runtime fix merged; open only for §5f live sweep	m365 /api/teams/notify: a serial per-row loop with no LIMIT and no aggregate bound, inside the request handler — N rows x the guard's 10s default
KS-930	TEST-OR-TOOLING	In Progress	3	kamil.kreiser@secuura.ai	kamil.kreiser@secuura.ai	28	20	merged	#1121@2026-09-21 #886@2026-09-07 #879@2026-09-14 #876@2026-09-07 #874@2026-09-14		no - test/tooling/docs	no	#1121 merged 2026-09-21 #886 merged 2026-09-07 #879 merged 2026-09-14 (partial); residue stated in agent comment 2026-09-14 - not re-read at develop		merged part awaits sweep; named residue still open	KS-921 residues: five Dockerfile shapes the re-link guard cannot read, an nginx final stage it can NEVER pass, and one A_FAIL branch no test can red
KS-928	TEST-OR-TOOLING	In Progress	3	kamil.kreiser@secuura.ai	kamil.kreiser@secuura.ai	28	13	merged	#1147@2026-09-21 #874@2026-09-14		no - test/tooling/docs	no	#1147 merged 2026-09-21 #874 merged 2026-09-14 (on develop 3ce8cd)		merged PR is a tagged sub-scope (KS-928 DEMOSEEDGATE: pin the demo-seed gate's CALL) -> other items may remain	The demo-seed gate's predicate is tested but its CALL SITE is not — delete adminConfig.ts:1824 and every test still passes (same class as KS-914 A-2)
KS-920	GENUINE-HARDENING	In Progress	3	kamil.kreiser@secuura.ai	kamil.kreiser@secuura.ai	28	28	none			no	no	no PR; title/description only (image bloat, tsc in runtime images)			`/shared` ships the TypeScript compiler and a 267 MB dev tree into all 24 runtime images — KS-490 closed the service tree only
KS-912	TEST-OR-TOOLING	In Progress	4	kamil.kreiser@secuura.ai	kamil.kreiser@secuura.ai	28	28	merged	#874@2026-09-14		no - test/tooling/docs	no	#874 merged 2026-09-14 (partial); residue stated in agent comment 2026-09-06 - not re-read at develop		merged part awaits sweep; named residue still open	KS-907 suite residues: CASE 2 never asserts the pruning it is named for, a cell count printed as a launcher-run count, and a grep -qc diagnostic
KS-911	TEST-OR-TOOLING	In Progress	3	kamil.kreiser@secuura.ai	kamil.kreiser@secuura.ai	28	28	merged	#874@2026-09-14		no - test/tooling/docs	no	#874 merged 2026-09-14 (partial); residue stated in agent comment 2026-09-06 - not re-read at develop		merged part awaits sweep; named residue still open	KS-907 launcher residues: a sentinel comment describing a test that does not exist, and a 2>/dev/null placed after the append it silences
KS-910	TEST-OR-TOOLING	In Progress	3	kamil.kreiser@secuura.ai	kamil.kreiser@secuura.ai	28	13	merged	#1166@2026-09-21		no - test/tooling/docs	no	#1166 merged 2026-09-21 (on develop 3ce8cd)		merged PR is a tagged sub-scope (KS-910 LEGCOMMENT: the pre-push base suite's comme) -> other items may remain; zero comments	Preflight leg 12 executes ZERO suite cells — it is a reachability check, so with Actions retired no shell suite runs on a gated push
KS-908	MERGED-AWAITING-SWEEP	In Progress	3	kamil.kreiser@secuura.ai		28	6	merged	#1319@2026-09-28		unknown - P3 product, not on a named 31 Oct path	no	#1319 merged 2026-09-28 (merge commit ancestor of develop 3ce8cd)		runtime fix merged; no comment states the sweep - §5f implied	connectorId persists but is invisible through the API — POST and GET both return null while the row holds the value
KS-897	TEST-OR-TOOLING	In Progress	4	kamil.kreiser@secuura.ai	kamil.kreiser@secuura.ai	28	9	merged	#1218@2026-09-25		no - test/tooling/docs	no	#1218 merged 2026-09-25 (on develop 3ce8cd)		merged PR is a tagged sub-scope (KS-897 FIXTUREABORT + KS-896 CONTROLEXISTS: pre-pu) -> other items may remain	build_fixture swallows its own failure — `>/dev/null 2>&1` makes a fixture that did not build indistinguishable from one that did
KS-896	TEST-OR-TOOLING	In Progress	3	kamil.kreiser@secuura.ai	kamil.kreiser@secuura.ai	28	9	merged	#1218@2026-09-25		no - test/tooling/docs	no	#1218 merged 2026-09-25 (on develop 3ce8cd)		merged PR is a tagged sub-scope (KS-897 FIXTUREABORT + KS-896 CONTROLEXISTS: pre-pu) -> other items may remain	KS-881's CONTROL is satisfied when the branch does not exist — `upstream=NONE` cannot tell an absent branch from a branch with no upstream
KS-890	TEST-OR-TOOLING	In Progress	3	kamil.kreiser@secuura.ai	kamil.kreiser@secuura.ai	28	13	merged	#1141@2026-09-21		no - test/tooling/docs	no	#1141 merged 2026-09-21 (on develop 3ce8cd)		fix PR merged; no residue recorded; scope-closure vs DoD NOT checked -> close candidate; zero comments	Runbook: a code-first deploy leg must use `docker compose up -d --no-deps <svc>` and start `migrations` explicitly, last — `up -d` pulls depends_on and applied three migrations early
KS-888	MERGED-AWAITING-SWEEP	In Progress	3	kamil.kreiser@secuura.ai	kamil.kreiser@secuura.ai	28	6	merged	#1337@2026-09-28 #1334@2026-09-28 #1327@2026-09-28 #1322@2026-09-28		unknown - P3 product, not on a named 31 Oct path	no	#1337 merged 2026-09-28 #1334 merged 2026-09-28 #1327 merged 2026-09-28 (merge commit ancestor of develop 3ce8cd)		runtime fix merged; open only for §5f live sweep	dbSaveApiKey SWALLOWS a failed INSERT — POST /api/keys answers 201 for a key that was never written; blast radius is ALL key persistence, not one column
KS-887	TEST-OR-TOOLING	In Progress	3	kamil.kreiser@secuura.ai	kamil.kreiser@secuura.ai	28	13	merged	#1134@2026-09-21		no - test/tooling/docs	no	#1134 merged 2026-09-21 (on develop 3ce8cd)		fix PR merged; no residue recorded; scope-closure vs DoD NOT checked -> close candidate; zero comments	KS-869 test defect (mine): the WRITE-half column-list pin can be satisfied by the COALESCE clause, so a statement missing connector_id from the column list passes all six cells
KS-880	MERGED-AWAITING-SWEEP	In Progress	3	kamil.kreiser@secuura.ai	kamil.kreiser@secuura.ai	28	14	merged	#1133@2026-09-21 #1124@2026-09-21 #1110@2026-09-20		unknown - P3 product, not on a named 31 Oct path	no	#1133 merged 2026-09-21 #1124 merged 2026-09-21 #1110 merged 2026-09-20 (merge commit ancestor of develop 3ce8cd)		runtime fix merged; no comment states the sweep - §5f implied; merged PR is a tagged sub-scope - other items may remain	Quarantine or reconcile the dead converters copy — a second rowToApiKey that maps neither tenantId nor connectorId, with a passing test on it
KS-872	TEST-OR-TOOLING	In Progress	3	kamil.kreiser@secuura.ai	kamil.kreiser@secuura.ai	28	9	merged	#1226@2026-09-25		no - test/tooling/docs	no	#1226 merged 2026-09-25 (partial); residue stated in agent comment 2026-09-25 - not re-read at develop		merged part awaits sweep; named residue still open	packages/shared project tsc is RED on develop — crypto.JsonWebKey is gone in @types/node 26.1.0; a live type error no gate owns
KS-871	MERGED-AWAITING-SWEEP	In Progress	3	kamil.kreiser@secuura.ai	kamil.kreiser@secuura.ai	28	18	merged	#1011@2026-09-16		yes - dependency push gate	no	#1011 merged 2026-09-16 (merge commit ancestor of develop 3ce8cd)		runtime fix merged; open only for §5f live sweep	The audit log records `req.path` AFTER the response, so a REFUSED erasure is logged with the path trimmed to `/` instead of /api/gdpr/erasures
KS-869	UNVERIFIED	In Progress	2	kamil.kreiser@secuura.ai	kamil.kreiser@secuura.ai	28	20	merged	#880@2026-09-14 #854@2026-09-06		unknown	no	"PR #854 (persist connector_id) merged 09-06 and #880 merged 09-14 (after the 09-08 ""blocked on Kam merging #880"" note)"		blocker named in its own last comment has since merged; settle by reading connector_id persistence at develop + KS-908	connectorId is never persisted — svc_api_keys.connector_id is written by nothing and read by nothing, so it dies on restart; blocks KS-577 and nulls KS-843's cutover evidence
KS-865	TEST-OR-TOOLING	In Progress	3	kamil.kreiser@secuura.ai	kamil.kreiser@secuura.ai	28	9	merged	#1229@2026-09-25		no - test/tooling/docs	no	#1229 merged 2026-09-25 (on develop 3ce8cd)		merged PR is a tagged sub-scope (KS-865 EXAMINEDCOUNT + KS-808 (3) TRACKERCITE: a m) -> other items may remain	check-no-latest-tags.sh silently skips a missing input — it scans 5 of the 6 files it advertises and still prints OK
KS-864	GENUINE-HARDENING	In Progress	3	kamil.kreiser@secuura.ai	kamil.kreiser@secuura.ai	28	13	merged	#1148@2026-09-21 #1073@2026-09-19 #1064@2026-09-19 #1009@2026-09-16 #1007@2026-09-16		unknown - P3 product, not on a named 31 Oct path	no	#1148 merged 2026-09-21 #1073 merged 2026-09-19 #1064 merged 2026-09-19 (partial); residue stated in agent comment 2026-09-19 - not re-read at develop		merged part awaits sweep; named residue still open	Dead-estate pointers in RUNTIME SOURCE outside deployment/azure — system-status.ts hard-codes secuura-staging-* hosts, westeurope and a dead URL suffix
KS-855	MERGED-AWAITING-SWEEP	In Progress	3	kamil.kreiser@secuura.ai	kamil.kreiser@secuura.ai	29	13	merged	#1158@2026-09-21		unknown - P3 product, not on a named 31 Oct path	no	#1158 merged 2026-09-21 (merge commit ancestor of develop 3ce8cd)		runtime fix merged; no comment states the sweep - §5f implied; merged PR is a tagged sub-scope - other items may remain	The OAuth `AVAILABLE_SCOPES` list is a second, divergent scope vocabulary — derive it from SCOPES or pin it
KS-851	TEST-OR-TOOLING	In Progress	3	kamil.kreiser@secuura.ai	kamil.kreiser@secuura.ai	29	10	merged	#1204@2026-09-23		no - test/tooling/docs	no	#1204 merged 2026-09-23 (partial); residue stated in agent comment 2026-09-25 - not re-read at develop		merged part awaits sweep; named residue still open	KS-386 residues from the round-2 gate: G-1 column ordinal drift, G-2 the second-image orphan, G-3 the in-memory docstring is wrong at the wire, G-4 two write spellings the guard cannot see
KS-849	GENUINE-DEFECT	In Progress	3	kamil.kreiser@secuura.ai	kamil.kreiser@secuura.ai	29	9	merged	#1272@2026-09-25		unknown - P3 product, not on a named 31 Oct path	no	#1272 merged 2026-09-25 (partial); residue stated in agent comment 2026-09-25 - not re-read at develop		merged part awaits sweep; named residue still open	KYC mock document flow: a 1.5s timer writes back a STALE verification and silently clobbers the selfie's liveness result
KS-844	MERGED-AWAITING-SWEEP	In Progress	3	kamil.kreiser@secuura.ai		29	18	merged	#1006@2026-09-16		unknown - P3 product, not on a named 31 Oct path	no	#1006 merged 2026-09-16 (merge commit ancestor of develop 3ce8cd)		runtime fix merged; open only for §5f live sweep	demo-service mounts no error handler — a raw 0x00 body returns express's default HTML with a stack trace and absolute paths
KS-843	GENUINE-HARDENING	In Progress	3	kamil.kreiser@secuura.ai	kamil.kreiser@secuura.ai	29	26	merged	#1019@2026-09-17 #854@2026-09-06 #845@2026-09-06 #841@2026-09-06		unknown - P3 product, not on a named 31 Oct path	no	#1019 merged 2026-09-17 #854 merged 2026-09-06 #845 merged 2026-09-06 (partial); residue stated in agent comment 2026-09-08 - not re-read at develop		merged part awaits sweep; named residue still open	KS-695 F5: build the dedicated `subjects:erase` scope gate on POST /api/gdpr/erasures — Kam ruled it 2026-09-03 and it has never been built
KS-839	GENUINE-DEFECT	In Progress	3	kamil.kreiser@secuura.ai	kamil.kreiser@secuura.ai	29	17	merged	#1026@2026-09-17		unknown - P3 product, not on a named 31 Oct path	no	#1026 merged 2026-09-17 (partial); residue stated in agent comment 2026-09-17 - not re-read at develop		merged part awaits sweep; named residue still open	Security: an allowedScopes of ['*'] bypasses the invalid_scope refusal entirely — validateScopes returns the request unfiltered
KS-811	TEST-OR-TOOLING	In Progress	4	kamil.kreiser@secuura.ai	kamil.kreiser@secuura.ai	29	13	merged	#1177@2026-09-22		no - test/tooling/docs	no	#1177 merged 2026-09-22 (partial); residue stated in agent comment 2026-09-07 - not re-read at develop		merged part awaits sweep; named residue still open	Nothing asserts #815's 403 code SET against what the route actually throws
KS-808	TEST-OR-TOOLING	In Progress	3	kamil.kreiser@secuura.ai	kamil.kreiser@secuura.ai	29	9	merged	#1229@2026-09-25		no - test/tooling/docs	no	#1229 merged 2026-09-25 (partial); residue stated in agent comment 2026-09-25 - not re-read at develop		merged part awaits sweep; named residue still open	run-migrations.sh exits 0 even when a migration failed, and applied=N counts skips — the summary line cannot be trusted
KS-806	GENUINE-DEFECT	In Progress	2	kamil.kreiser@secuura.ai	kamil.kreiser@secuura.ai	29	21	merged	#819@2026-09-05		yes - wallet identity collision (security)	no	Blockchain/Dev/services/auth/src/routes/wallet.ts:200 `${walletAddress.slice(0, 8)}...@wallet.local` at 3ce8cd; #819 was KS-796		defect itself unfixed per its own 09-14 residue note, confirmed at develop	Security: the synthetic wallet email buckets on walletAddress.slice(0,8) — degenerate for every addr_test1…/stake… address, so a colliding wallet takes the create branch and gets an object the account gate cannot reach
KS-801	GENUINE-DEFECT	In Progress	2	kamil.kreiser@secuura.ai	kamil.kreiser@secuura.ai	29	20	merged	#817@2026-09-05		yes - gateway path predicates bypassable by /API/ casing	no	Blockchain/Dev/services/api-gateway/src/middleware/contentType.ts:119 `req.path.startsWith(ENFORCED_PREFIX)` still case-sensitive at 3ce8cd; #817 (merged 09-05) was KS-800 not this		held open since 09-14 as residue; defect unfixed	Security: four gateway path predicates are case-sensitive while Express routing is not — `/API/...` skips media-type enforcement on EVERY path, and is still proxied
KS-794	GENUINE-HARDENING	In Progress	3	kamil.kreiser@secuura.ai	kamil.kreiser@secuura.ai	30	8	merged	#1276@2026-09-26		unknown - P3 product, not on a named 31 Oct path	no	#1276 merged 2026-09-26 (partial); residue stated in agent comment 2026-09-26 - not re-read at develop		merged part awaits sweep; named residue still open	verify-file returns `fileSize` on every 200 and neither response schema declares it
KS-789	TEST-OR-TOOLING	In Progress	3	kamil.kreiser@secuura.ai	kamil.kreiser@secuura.ai	30	9	merged	#1240@2026-09-25		no - test/tooling/docs	no	#1240 merged 2026-09-25 (partial); residue stated in agent comment 2026-09-25 - not re-read at develop		merged part awaits sweep; named residue still open	"CONTRIBUTING.md justifies the hook's degradation and its --no-verify bypass with ""CI is the hard gate"" — there is no CI"
KS-775	NEEDS-HUMAN	In Progress	2	kamil.kreiser@secuura.ai	kamil.kreiser@secuura.ai	31	17	merged	#1036@2026-09-21 #801@2026-09-05 #798@2026-09-03		no	no	[Decision] ticket; qs fixed in range (#1036), express 5 migration unchanged		Kam: own the express 4->5 call	[Decision] Own the express 4 -> 5 call before the qs fuse lapses 2026-09-10 - KS-409 was archived and nothing replaced it
KS-771	TEST-OR-TOOLING	In Progress	2	kamil.kreiser@secuura.ai	kamil.kreiser@secuura.ai	32	28	merged	#798@2026-09-03		no - process tracker	no	review-stream tracker; PR #798 is a KS-775 docs PR; last comment a test block for Peter (28d idle)	KS-1149:Backlog;KS-775:In Progress;KS-763:In Progress;KS-729:In Progress;KS-664:In Progress;KS-657:In Review;KS-601:In Progress;KS-418:Blocked;KS-412:Blocked;KS-365:Blocked	PARENT of 10 children (see children col) - archive would cascade; stale overlay per KS-1036	Review stream: build, supply chain and release gates
KS-769	GENUINE-HARDENING	In Progress	2	kamil.kreiser@secuura.ai	kamil.kreiser@secuura.ai	32	17	merged	#1378@2026-10-05 #1020@2026-09-17		yes - exclusion lapses 19 Oct; 81 advisories (2 critical) in mobile/secuura-app	no	PR #1020 merged (re-dated exclusion to 2026-10-19); tree still unaudited per comment			mobile/secuura-app has 81 unscanned advisories (2 critical) — nothing has ever audited that tree
KS-766	TEST-OR-TOOLING	In Progress	3	kamil.kreiser@secuura.ai	kamil.kreiser@secuura.ai	32	9	merged	#1285@2026-09-26		no - test/tooling/docs	no	#1285 merged 2026-09-26 (on develop 3ce8cd)		fix PR merged; no residue recorded; scope-closure vs DoD NOT checked -> close candidate	base-image-watch self-test cannot red the DB-age PRODUCER — the F-5 clamp can be re-introduced with the suite green
KS-763	ALREADY-FIXED	In Progress	2	kamil.kreiser@secuura.ai	kamil.kreiser@secuura.ai	32	17	merged	#1036@2026-09-21 #1033@2026-09-17 #829@2026-09-05 #810@2026-09-05 #801@2026-09-05 #798@2026-09-03 #797@2026-09-03 #796@2026-09-03		no - resolved	yes	PR #1036 merged 2026-09-21 (fix qs in range on express 4); GHSA-4mjr/GHSA-x5fp absent from Blockchain/Dev/scripts/audit/audit-baseline.json at 3ce8cd (0 hits; control: GHSA-vfj7 found :153)		push block it names is gone	Push preflight blocks the whole repo — two qs advisories (GHSA-4mjr / GHSA-x5fp) unbaselined across 27 standalone locks; fixed in qs@6.16.0
KS-762	NEEDS-HUMAN	Blocked	2	kamil.kreiser@secuura.ai	kamil.kreiser@secuura.ai	32	28	merged	#800@2026-09-04		unknown - dev compose default password literal	no	Blocked; Blockchain/Dev/docker-compose.yml:129-132 in-code hold (KS-165) per comment		"Kam: ""all three conditions are @kam's"""	APP_DB_PASSWORD is a committed literal :- default in docker-compose.yml — 51 sites, not the ~20 the register records
KS-753	MERGED-AWAITING-SWEEP	In Progress	2	kamil.kreiser@secuura.ai	kamil.kreiser@secuura.ai	32	14	merged	#1119@2026-09-21 #1107@2026-09-20		yes - P2 product	no	#1119 merged 2026-09-21 #1107 merged 2026-09-20 (merge commit ancestor of develop 3ce8cd)		runtime fix merged; no comment states the sweep - §5f implied; merged PR is a tagged sub-scope - other items may remain	Timestamping fail-closed: a mock TSA fallback must not report verified: true (extend KS-523 to the batch path)
KS-747	TEST-OR-TOOLING	In Progress	3	kamil.kreiser@secuura.ai	kamil.kreiser@secuura.ai	33	6	merged	#1318@2026-09-28		no - test/tooling/docs	no	#1318 merged 2026-09-28 (on develop 3ce8cd)		fix PR merged; no residue recorded; scope-closure vs DoD NOT checked -> close candidate	Spec drift: GET /api/security/keys declares no parameters while the handler requires organizationId — the contract suite can never reach its 200 branch
KS-745	GENUINE-DEFECT	In Progress	3	kamil.kreiser@secuura.ai	kamil.kreiser@secuura.ai	33	18	merged	#1012@2026-09-16		unknown - P3 product, not on a named 31 Oct path	no	#1012 merged 2026-09-16 (partial); residue stated in agent comment 2026-09-16 - not re-read at develop		merged part awaits sweep; named residue still open	api-gateway audit export calls /api/audit/logs — a route the security service does not have, so the export 404s every time
KS-744	MERGED-AWAITING-SWEEP	In Progress	4	kamil.kreiser@secuura.ai	kamil.kreiser@secuura.ai	33	17	merged	#1028@2026-09-17		unknown - P4 product, not on a named 31 Oct path	no	#1028 merged 2026-09-17 (merge commit ancestor of develop 3ce8cd)		runtime fix merged; open only for §5f live sweep	Gateway 500s on every proxied route for a token lacking verificationLevel — auth.ts:377 sets the header unguarded
KS-741	GENUINE-HARDENING	In Progress	3	kamil.kreiser@secuura.ai	kamil.kreiser@secuura.ai	33	20	open		#995	unknown	no	PR #995 OPEN 20d (READY FOR QA, never gated)		stalled open PR	x-emitter-internal is unstripped on the /originate/ route — the marker's safety rests on an unstated convention, and the comment promises the wrong guarantee
KS-736	TEST-OR-TOOLING	In Review	3	kamil.kreiser@secuura.ai	kamil.kreiser@secuura.ai	33	25	open		#923	no	no	PR #923 OPEN 25d idle (part a)		stalled In Review	Gateway mount-auth check scores authenticateToken(false) as green — six /api mounts satisfy neither leg of its own assertion
KS-734	TEST-OR-TOOLING	In Review	2	kamil.kreiser@secuura.ai	kamil.kreiser@secuura.ai	34	25	open		#920	no	no	PR #920 OPEN 25d idle		stalled In Review	The e2e Playwright suite cannot run from a clean checkout — tests/e2e is not a workspace member and never gets installed; 20 of 82 fail once it does
KS-730	MERGED-AWAITING-SWEEP	In Progress	2	kamil.kreiser@secuura.ai	kamil.kreiser@secuura.ai	34	8	merged	#1284@2026-09-26 #1283@2026-09-26 #1282@2026-09-26 #1182@2026-09-22		yes - P2 security/correctness	no	#1284 merged 2026-09-26 #1283 merged 2026-09-26 #1282 merged 2026-09-26 (merge commit ancestor of develop 3ce8cd)		runtime fix merged; open only for §5f live sweep	Security: 71 inline handlers still return err.message verbatim off-production — KS-727's enumerated remainder (api-gateway leaks it TWICE, at the edge)
KS-729	MERGED-AWAITING-SWEEP	In Progress	2	kamil.kreiser@secuura.ai	kamil.kreiser@secuura.ai	34	5	merged	#1364@2026-10-01 #1340@2026-09-29 #1339@2026-09-29 #883@2026-09-08		no - advisory no longer baselined	no	PR #1364 merged 2026-10-01; GHSA-mwp4 absent from audit-baseline.json at 3ce8cd (0 hits)		close candidate after sweep	Upgrade ip-address off GHSA-mwp4-54f8-5fhr (high, SSRF) — express-rate-limit 8.4.1→8.5.1+ in mcp-server, @meshsdk/@cardano-sdk 9.0.5 line in root + frontend/issuer
KS-695	GENUINE-DEFECT	In Progress	2	stuart.jamieson@secuura.ai	kamil.kreiser@secuura.ai	38	5	merged	#790@2026-09-02 #788@2026-09-02		yes - live-blocking on Platform-S erasure	no	Ask 3: `erase-connector` has 0 hits under Blockchain/ at 3ce8cd (control: platform.ts:488 `subjects:erase` found); Platform-S calls /api/platform/organizations/erase-connector (comment 09-29)		Stuart-created; K-side connector-scoped org erasure route absent	S↔K (K-side): erasure by external_ref, documents.title coverage, and connector-scoped org erasure — PS-690 dependency
KS-693	NEEDS-HUMAN	In Review	2	kamil.kreiser@secuura.ai	kamil.kreiser@secuura.ai	38	30	open		#809	no - test noise on dev machines	no	PR #809 OPEN 38d; services/m365-integration/src/index.ts:256 503-when-unconfigured middleware at 3ce8cd		"Kam/Stuart: consumed-contract change (""not mine to make"")"	M365 routes answer 503 when ENTRA_* is unconfigured — 9 permanent Schemathesis failures on every dev machine, and the local sweep is now the merge gate
KS-692	GENUINE-HARDENING	In Progress	2	kamil.kreiser@secuura.ai	kamil.kreiser@secuura.ai	39	6	merged	#1320@2026-09-28		yes - P2 security/correctness	no	#1320 merged 2026-09-28 (partial); residue stated in agent comment 2026-09-28 - not re-read at develop		merged part awaits sweep; named residue still open	Security: /api/status revoke/unrevoke has no tenant ownership check — an ISSUER_ADMIN in any tenant can revoke another tenant’s credential (KS-586’s deferred half, now untracked)
KS-679	GENUINE-DEFECT	In Progress	3	kamil.kreiser@secuura.ai	kamil.kreiser@secuura.ai	44	16	merged	#922@2026-09-18		unknown - P3 product, not on a named 31 Oct path	no	#922 merged 2026-09-18 (partial); residue stated in agent comment 2026-09-18 - not re-read at develop		merged part awaits sweep; named residue still open	Published Anchor.id is anc_… but anchoring only ever mints anchor_<uuid> — format-false, live on develop, and #568 promotes it to the canonical fixture
KS-669	GENUINE-HARDENING	In Progress	2	kamil.kreiser@secuura.ai	kamil.kreiser@secuura.ai	45	44	merged	#725@2026-08-20		yes - P2 security/correctness	no	#725 merged 2026-08-20 (partial); residue stated in agent comment 2026-08-21 - not re-read at develop		merged part awaits sweep; named residue still open	Published spec points integrators at 18 URLs on domains we do not own (one is for sale) — E1 only inspects emails, never URLs
KS-665	TEST-OR-TOOLING	In Progress	2	peter@obeden.com	kamil.kreiser@secuura.ai	46	13	none			no	no	no PR; Schemathesis examples-phase 400 set (comment 09-21)		Peter-created	KS-256 review follow-ups: 5 example-fixable 400s, the tsx transpile-only spec-gate trap (§10), and a new `userAgent: Demo Issuer` instance
KS-664	GENUINE-HARDENING	In Progress	2	peter@obeden.com	kamil.kreiser@secuura.ai	46	21	merged	#725@2026-08-20		yes - fuse lapses 31 Oct	no	audit-baseline.json:126 GHSA-ggr8 expires 2026-10-31 at 3ce8cd		Peter-created; residue = remove baseline row	deepmerge-ts GHSA-ggr8-5vv4-36mx (high) — override to 8.0.1 in originate; hoisted root lock baselined to 2026-10-31 on reachability
KS-663	TEST-OR-TOOLING	In Review	2	stuart.jamieson@secuura.ai	kamil.kreiser@secuura.ai	46	24	merged	#808@2026-09-10		no - CI drift guard	no	PR #808 merged 2026-09-10; open spec/code divergences per Peter review		Stuart-created	The OpenAPI spec is now a consumed contract, but nothing in CI stops it drifting — plus two known spec/code divergences
KS-657	NEEDS-HUMAN	In Review	3	kamil.kreiser@secuura.ai	kamil.kreiser@secuura.ai	48	20	merged	#720@2026-09-14 #717@2026-08-17 #714@2026-08-17		no	no	"PR #720 merged; acceptance criterion 2 ""is a decision, not a task"""		Kam/Peter: intent of services/shared src/cache (keep or delete)	services/shared (@secuura/service-utils) cannot build — no tsconfig.json, so main/types point at a dist that can never exist; its src/ half is dead but types/ is live in billing
KS-629	MERGED-AWAITING-SWEEP	In Progress	3	kamil.kreiser@secuura.ai	kamil.kreiser@secuura.ai	52	12	merged	#1196@2026-09-22		unknown - P3 product, not on a named 31 Oct path	no	#1196 merged 2026-09-22 (merge commit ancestor of develop 3ce8cd)		runtime fix merged; no comment states the sweep - §5f implied; merged PR is a tagged sub-scope - other items may remain	kyc `livenessVideo` is accepted by spec and runtime, then silently discarded — no code path reads it
KS-601	TEST-OR-TOOLING	In Progress	2	kamil.kreiser@secuura.ai	kamil.kreiser@secuura.ai	54	11	merged	#943@2026-09-14 #707@2026-08-17 #697@2026-08-16		yes - the dev/demo split server is where §5f sweeps would run	no	PRs #697/#707/#943 merged; kintsugi runs develop 6ab9d50 (comment 09-23)		infra tracker	"[Infra] New Platform K dev server ""Kintsugi"" — restore dev/demo split"
KS-577	NEEDS-HUMAN	In Review	2	kamil.kreiser@secuura.ai	kamil.kreiser@secuura.ai	59	5	merged	#880@2026-09-14 #854@2026-09-06		yes - Platform-S key cutover	no	PR #880 merged 2026-09-14 (revoke-on-rotate); docs/S-K-OWNERSHIP-CONTRACT.md:200-201 drift per 09-29 comment		Kam (+Stuart): cutover window default; contract doc fix	rotate: true mints a new key but never revokes the old one — implement revoke-on-rotate and agree the cutover window
KS-530	MERGED-AWAITING-SWEEP	In Progress	3	kamil.kreiser@secuura.ai	kamil.kreiser@secuura.ai	67	5	merged	#1369@2026-10-01 #1340@2026-09-29 #1213@2026-09-25		no	no	PR #1369 merged 2026-10-01; GHSA-frvp absent from audit-baseline.json at 3ce8cd (0 hits)		close candidate after sweep	@hono/node-server v1->v2 major bump (GHSA-frvp) - originate + mcp-server runtime
KS-528	GENUINE-HARDENING	In Progress	3	kamil.kreiser@secuura.ai	kamil.kreiser@secuura.ai	67	5	merged	#1377@2026-10-05 #1340@2026-09-29 #1214@2026-09-25 #1025@2026-09-17		yes - baseline fuse lapses 31 Oct, then every push blocks	no	audit-baseline.json:88,:95 GHSA-wrjc / GHSA-337j expire 2026-10-31 at 3ce8cd; v7 migration still owed per comment			Frontends: react-router v6 → v7 migration (3 moderate client-runtime advisories — open redirect/XSS, constructor injection)
KS-441	NEEDS-HUMAN	Blocked	1	kamil.kreiser@secuura.ai	stuart.jamieson@secuura.ai	85	6	merged	#715@2026-08-17 #698@2026-08-14		no	no	"Blocked; open question ""for whoever owns the limiter: exempt the scanner"""		Stuart (assignee): limiter exemption for scanner	Akto CI scan throughput: ~21 s local vs ~10 min in the isolated pr-akto stack (~28×) — investigate worker starvation / run-pickup latency (KS-435 durable fix)
KS-418	NEEDS-HUMAN	Blocked	3	peter@obeden.com	peter@obeden.com	88	23	merged	#891@2026-09-10 #468@2026-07-08		no	no	PR #891 merged (wording); Blocked on AWS migration		Peter: nightly suites after AWS migration	systemTest (all tools): enable nightly platform test suites after full AWS migration
KS-412	NEEDS-HUMAN	Blocked	2	peter@obeden.com	peter@obeden.com	89	20	none			no	no	no PR; Blocked; Actions retired		Peter-created/assigned: whether merge-blocking CI is still the target	CI: require all systemTest (all tools) PR suites + pre-merge to block merges on failure (branch protection + sign-off)
KS-365	GENUINE-HARDENING	Blocked	2	kamil.kreiser@secuura.ai	kamil.kreiser@secuura.ai	94	26	merged	#793@2026-09-08 #786@2026-09-02 #391@2026-07-02 #390@2026-07-02 #388@2026-07-02 #387@2026-07-02 #386@2026-07-02		no - external	no	Blocked on upstream Docker Hub postgres rebuild (CVE-2025-68121)			Base-image refresh routine + track postgres CVE-2025-68121 (redis leg already done in triage)
KS-256	NEEDS-HUMAN	In Progress	2	peter@obeden.com	kamil.kreiser@secuura.ai	116	20	merged	#782@2026-09-02 #314@2026-06-23		no	no	"PR #782 merged; comment: ""The remaining actor is Kam"" (sign-off)"		Peter-created; Kam: sign-off/review pass	Add OpenAPI inline examples to all 329 operations — eliminate coverage-phase no-test-cases skips
KS-229	TEST-OR-TOOLING	In Review	2	kamil.kreiser@secuura.ai	kamil.kreiser@secuura.ai	117	24	merged	#785@2026-09-10		no - tracker	no	[Tracker] assurance review; PR #785 merged 2026-09-10		In Review 24d idle; tracker, not a defect	[Tracker] 2026-06-10 platform assurance review — gap-analysis + remediation
KS-174	GENUINE-HARDENING	In Progress	3	kamil.kreiser@secuura.ai		128	26	closed-unmerged			unknown - RLS fail-closed flip; overlaps KS-1054	no	PR #191 closed unmerged; migrations/009_rls_tenant_isolation.sql:91 still admits NULL tenant GUC at 3ce8cd		unarchived by Kam ruling 09-08; 128d old, 26d idle	KS-160 Step 3: set tenant GUC on checkout + admin-role exemption for cross-tenant reads + flip fail-closed (atomic, dev-first)
KS-1397	GENUINE-HARDENING	Done	4	peter@obeden.com	kamil.kreiser@secuura.ai	4	4	none			no - closed	ASK	ruling comment 10-01 (server_tokens off; nginx.conf:24 per comment)		Done by ruling (accept Server: nginx header, version hidden) - not a code fix; Peter/Stuart ticket -> ASK	The gateway answers every request with `Server: nginx` — Akto's UNWANTED_RESPONSE_HEADERS flags it (LOW); decide: remove the header, or accept it with a recorded reason
KS-1395	ALREADY-FIXED	Done	1	stuart.jamieson@secuura.ai	kamil.kreiser@secuura.ai	4	4	none			no - closed	ASK	closing comment; state Done 2026-09-30		resolved by #1354 and KS-1378 work, not by its own PR; Peter/Stuart ticket -> ASK	Two advisories published after KS-1378 block every push again: undici GHSA-r53p (low, issuer + root lock) and js-yaml GHSA-r3ph (moderate, systemTest/performance)
KS-1386	ALREADY-FIXED	Done	0	peter@obeden.com	peter@obeden.com	5	4	merged	#1351@2026-09-30		no - closed	ASK	#1351 merged 2026-09-30; state Done 2026-09-29		Done, but its 10-01 comment says further additions on branch 779bbc783 are NOT pushed (PR #1351 merged 09-30); Peter/Stuart ticket -> ASK	systemTest: no stack slot is hard-coded or silently defaulted, in any harness — api-explorer first, then fixtures/shell suites, Playwright, Performance, Akto, Schemathesis
KS-1373	ALREADY-FIXED	Done	1	peter@obeden.com	peter@obeden.com	6	4	merged	#1335@2026-09-28		no - closed	ASK	#1335 merged 2026-09-28; state Done 		Done; closing comment cites merge; Peter/Stuart ticket -> ASK	Schemathesis `full` run named slot 3 but ~871 of its requests (incl. DELETEs) reached slot 1's gateway — find which leg ignores the slot
KS-1365	ALREADY-FIXED	Done	0	peter@obeden.com	peter@obeden.com	6	6	merged	#1331@2026-09-28		no - closed	ASK	#1331 merged 2026-09-28; state Done 2026-09-28		Done; closing comment cites merge; Peter/Stuart ticket -> ASK	systemTest docs still describe GitHub Actions as live, and the history + test-discipline skill have gone stale
KS-1363	ALREADY-FIXED	Done	1	peter@obeden.com	peter@obeden.com	6	4	merged	#1361@2026-09-30		no - closed	ASK	#1361 merged 2026-09-30; state Done 		Done; closing comment cites merge; Peter/Stuart ticket -> ASK	Akto: a skipped HAR replay is only a WARN — the tier runs on synthetic samples and the report never says its authz coverage was weakened
KS-1362	UNVERIFIED	Done	1	peter@obeden.com	peter@obeden.com	6	6	none			no - closed	ASK	no PR, no comment		Done with no PR and no comment - cannot confirm; Peter/Stuart ticket -> ASK	Back-to-back tiers: setup logins land in the platform's spent 60-second window and are refused — HAR replay and provisioning lost
KS-1354	ALREADY-FIXED	Done	0	peter@obeden.com	peter@obeden.com	6	6	merged	#1329@2026-09-28		no - closed	ASK	#1329 merged 2026-09-28; state Done 2026-09-28		Done; closing comment cites merge; Peter/Stuart ticket -> ASK	Bump systemTest k6 2.1.0 → 2.3.0 (grafana/k6 v2.2.0 + v2.3.0 released)
KS-1353	ALREADY-FIXED	Done	3	peter@obeden.com	peter@obeden.com	6	6	merged	#1335@2026-09-28		no - closed	ASK	#1335 merged 2026-09-28; state Done 2026-09-28		Done; closing comment cites merge; Peter/Stuart ticket -> ASK	Bump systemTest schemathesis pin 4.27.5 → 4.28.0 (first minor since 4.27.x: 9 additions, 10 fixes, 3 changes) + refresh every pyproject floor/constraint to latest
KS-1350	ALREADY-FIXED	Done	4	kamil.kreiser@secuura.ai		8	7	merged	#1303@2026-09-27		no - closed	yes	#1303 merged 2026-09-27; state Done 2026-09-27		Done; closing comment cites merge	webhooks fail500 docblock: three sentences that are stale or only-now-true after KS1341 part C
KS-1349	ALREADY-FIXED	Done	3	kamil.kreiser@secuura.ai		8	7	merged	#1301@2026-09-27		no - closed	yes	#1301 merged 2026-09-27; state Done 2026-09-27		Done; closing comment cites merge	ks730c A1 reads calls.at(-1) with no per-iteration clear — the same blindness KS1344 fixed in ks1341a
KS-1344	ALREADY-FIXED	Done	3	kamil.kreiser@secuura.ai		8	8	merged	#1293@2026-09-26		no - closed	yes	#1293 merged 2026-09-26; state Done 2026-09-26		Done; closing comment cites merge	ks1341a A1: the REACHED assertion reads calls.at(-1) with no per-iteration clear, so a fail500 that logs only in production stays green
KS-1339	ALREADY-FIXED	Done	3	kamil.kreiser@secuura.ai	kamil.kreiser@secuura.ai	8	8	merged	#1299@2026-09-26		no - closed	yes	#1299 merged 2026-09-26; state Done 2026-09-26		Done; closing comment cites merge	ks1293 hermeticity guard: the count floor fires before the offender list, so 6 of 9 offending subjects are never named
KS-1321	ALREADY-FIXED	Done	0	kamil.kreiser@secuura.ai		9	9	merged	#1273@2026-09-25		no - closed	yes	#1273 merged 2026-09-25; state Done 2026-09-25		Done; closing comment cites merge	"originate ks1293/ks978 cell: the dedicated-route verb check matches SUBSTRINGS, so the ordinary word ""version"" reds it"
KS-1318	ALREADY-FIXED	Done	4	kamil.kreiser@secuura.ai	kamil.kreiser@secuura.ai	9	8	merged	#1289@2026-09-26 #1287@2026-09-26		no - closed	yes	#1289 merged 2026-09-26 #1287 merged 2026-09-26; state Done 2026-09-26		Done; closing comment cites merge	ks781 J2: the combined default-shapes control asserts the COUNT of shapes, not which shapes
KS-1315	ALREADY-FIXED	Done	4	kamil.kreiser@secuura.ai		9	9	merged	#1265@2026-09-25		no - closed	yes	#1265 merged 2026-09-25; state Done 2026-09-25		Done; closing comment cites merge	k6 echo mask: four sibling argv spellings stay green under the T-1 tamper, so they pin nothing
KS-1310	ALREADY-FIXED	Done	0	kamil.kreiser@secuura.ai		9	9	merged	#1262@2026-09-25		no - closed	yes	#1262 merged 2026-09-25; state Done 2026-09-25		Done; closing comment cites merge	originate: pin /transfer-custody's route-level rollback with a committed integration cell
KS-1287	ALREADY-FIXED	Done	3	peter@obeden.com	kamil.kreiser@secuura.ai	13	10	merged	#1208@2026-09-23		no - closed	ASK	#1208 merged 2026-09-23; state Done 2026-09-25		Done; closing comment cites merge; Peter/Stuart ticket -> ASK	OpenAPI: path parameter `index` on GET /api/status/{id}/check/{index} is published `required: false` — the only optional path parameter in the spec; Schemathesis 4.27.5 reports it as a Schema Error
KS-1286	ALREADY-FIXED	Done	0	peter@obeden.com	peter@obeden.com	13	6	merged	#1336@2026-09-28		no - closed	ASK	#1336 merged 2026-09-28; state Done 2026-09-28		Done; closing comment cites merge; Peter/Stuart ticket -> ASK	Akto image 2.22.2 → 2.35.6 (latest paired _local — pair verified 2026-09-28), and surface the run counts + an exact HTTP status histogram
KS-1285	ALREADY-FIXED	Done	3	peter@obeden.com	peter@obeden.com	13	13	merged	#1138@2026-09-21		no - closed	ASK	#1138 merged 2026-09-21; state Done 2026-09-21		Done; closing comment cites merge; Peter/Stuart ticket -> ASK	Bump systemTest schemathesis pin 4.27.2 → 4.27.5 — the KS-1270 NDJSON hold is lifted (upstream fixed it in 4.27.4, verified at the v4.27.5 tag); 4.27.4 + 4.27.5 = 20 fixes, four touch our estate
KS-1275	ALREADY-FIXED	Done	3	kamil.kreiser@secuura.ai		16	9	merged	#1270@2026-09-25 #1252@2026-09-25 #1123@2026-09-21 #1115@2026-09-20 #1102@2026-09-20		no - closed	yes	#1270 merged 2026-09-25 #1252 merged 2026-09-25 #1123 merged 2026-09-21; state Done 2026-09-25		Done; closing comment cites merge	Published POST /lifecycle-events description still enumerates an old verb list (originate.openapi.ts:1847-1861 -> secuura-api.yaml)
KS-1265	ALREADY-FIXED	Done	3	kamil.kreiser@secuura.ai	kamil.kreiser@secuura.ai	16	9	merged	#1174@2026-09-22		no - closed	yes	#1174 merged 2026-09-22; state Done 2026-09-25		Done; closing comment cites merge	POST /api/documents saves the document and its provenance row, then answers 400 when issuerName contains '@'
KS-1264	ALREADY-FIXED	Done	3	kamil.kreiser@secuura.ai	kamil.kreiser@secuura.ai	16	9	merged	#1060@2026-09-18		no - closed	yes	#1060 merged 2026-09-18; state Done 2026-09-25		Done; closing comment cites merge	/revoke records its action_provenance row before updateDocument: a throw there answers 500 with a row for a revoke that did not happen
KS-1245	ALREADY-FIXED	Done	3	kamil.kreiser@secuura.ai	kamil.kreiser@secuura.ai	17	10	merged	#1207@2026-09-23		no - closed	yes	#1207 merged 2026-09-23; state Done 2026-09-25		Done; closing comment cites merge	F-1: scripts/smoke-test.sh:107 fails any /health/deep check that is not 'up' — a degraded service now fails the smoke test
KS-1239	ALREADY-FIXED	Done	4	kamil.kreiser@secuura.ai	kamil.kreiser@secuura.ai	17	10	merged	#1210@2026-09-23		no - closed	yes	#1210 merged 2026-09-23; state Done 2026-09-25		Done; closing comment cites merge	R-1: the index.ts:347 rawAuthorization capture is dead code — 0 readers
KS-1227	ALREADY-FIXED	Done	4	kamil.kreiser@secuura.ai	kamil.kreiser@secuura.ai	17	6	merged	#1325@2026-09-28 #1304@2026-09-27		no - closed	yes	#1325 merged 2026-09-28 #1304 merged 2026-09-27; state Done 2026-09-28		Done; closing comment cites merge	ks1072 postTier2's anchor-store witness counts every stub request, leaks its listener on a status red, and no cell pins a hit-only URL filter
KS-1221	ALREADY-FIXED	Done	4	kamil.kreiser@secuura.ai	kamil.kreiser@secuura.ai	17	7	merged	#1314@2026-09-27		no - closed	yes	#1314 merged 2026-09-27; state Done 2026-09-27		Done; closing comment cites merge	ks744 cells never test a falsy claim - a verificationLevel of '' or null must forward no x-verification-level (an undefined-only guard stays green)
KS-1220	ALREADY-FIXED	Done	4	kamil.kreiser@secuura.ai	kamil.kreiser@secuura.ai	17	7	merged	#1315@2026-09-27		no - closed	yes	#1315 merged 2026-09-27; state Done 2026-09-27		Done; closing comment cites merge	ks839 cells pin padded wildcards with ASCII separators only - a second tokenizer that differs from parseScopeString stays green
KS-1212	ALREADY-FIXED	Done	4	kamil.kreiser@secuura.ai	kamil.kreiser@secuura.ai	17	7	merged	#1307@2026-09-27		no - closed	yes	#1307 merged 2026-09-27; state Done 2026-09-27		Done; closing comment cites merge	ks1187 tests: no cell pins that the erasure door reads its own router's caseSensitive option (door vs factory router)
KS-1201	ALREADY-FIXED	Done	3	kamil.kreiser@secuura.ai		18	9	merged	#1257@2026-09-25		no - closed	yes	#1257 merged 2026-09-25; state Done 2026-09-25		Done; closing comment cites merge	bootstrap_login_diagnosis.test.sh leaks its 4 login stubs on every run: start_stub sets STUB_PID inside a $(...) subshell, so the EXIT trap kills nothing (84 orphans in 10 h)
KS-1196	ALREADY-FIXED	Done	4	kamil.kreiser@secuura.ai	kamil.kreiser@secuura.ai	18	7	merged	#1309@2026-09-27		no - closed	yes	#1309 merged 2026-09-27; state Done 2026-09-27		Done; closing comment cites merge	admin POST /api/admin/document-types ids are dt-${Date.now()}: two creates in one millisecond collide and the second silently overwrites the first
KS-1160	ALREADY-FIXED	Done	4	kamil.kreiser@secuura.ai	kamil.kreiser@secuura.ai	20	9	merged	#1186@2026-09-22		no - closed	yes	#1186 merged 2026-09-22; state Done 2026-09-25		Done; closing comment cites merge	originate POST /api/webhooks persists the RAW url where PATCH persists the normalised one — validateWebhookUrl(url) is consulted, its .url discarded (webhooks.ts:257 binds ${url}, :262 echoes it; PATCH :300 pushes urlValidation.url)
KS-1121	ALREADY-FIXED	Done	3	kamil.kreiser@secuura.ai	kamil.kreiser@secuura.ai	21	7	merged	#1313@2026-09-27		no - closed	yes	#1313 merged 2026-09-27; state Done 2026-09-27		Done; closing comment cites merge	Security: credentialRepo.getById resolves a credential by SUBSTRING (LIKE '%id%' + includes()) — reached from GET /api/credentials/:id AND under POST /api/credentials/:id/revoke, and the partial match is pinned as intended by its own test (KS-1020's sibling)
KS-1120	ALREADY-FIXED	Done	4	kamil.kreiser@secuura.ai		21	9	merged	#1266@2026-09-25 #1145@2026-09-21		no - closed	yes	#1266 merged 2026-09-25 #1145 merged 2026-09-21; state Done 2026-09-25		Done; closing comment cites merge	GET /api/presentations/:id exact-or-404: the memory-path PREFIX class and the DB-miss → memory get are unpinned, and the test's `pgModel` under-reports the base disclosure (QA-966 F-1 + F-2 + F-3)
KS-1108	ALREADY-FIXED	Done	3	kamil.kreiser@secuura.ai	kamil.kreiser@secuura.ai	22	7	merged	#1308@2026-09-27		no - closed	yes	#1308 merged 2026-09-27; state Done 2026-09-27		Done; closing comment cites merge	Akto harness: loadSecretsYml() parses config/secrets.yml with no catch — the KS-1099 shape, whole-file print not yet measured in this package
KS-1093	ALREADY-FIXED	Done	0	peter@obeden.com		23	9	merged	#1187@2026-09-22		no - closed	ASK	#1187 merged 2026-09-22; state Done 2026-09-25		Done; closing comment cites merge; Peter/Stuart ticket -> ASK	check-stack-safety.sh 6f reports a FALSE red once a real Playwright run exists — git check-ignore refuses a path beyond the latest-slot<N> symlink
KS-1019	ALREADY-FIXED	Done	3	kamil.kreiser@secuura.ai	kamil.kreiser@secuura.ai	26	10	merged	#1203@2026-09-23		no - closed	yes	#1203 merged 2026-09-23; state Done 2026-09-25		Done; closing comment cites merge	[Question] The document's whole `blockchain` block is published as z.unknown() — undeclared to integrators, and invisible to every drift guard by construction
KS-990	ALREADY-FIXED	Done	3	kamil.kreiser@secuura.ai	kamil.kreiser@secuura.ai	27	6	none			no - closed	yes	closing comment; state Done 2026-09-28		Done on a measurement (npm run quality exits 0, 09-28), no PR	`npm run quality` cannot pass in systemTest/performance or systemTest/akto — two pre-existing reds unrelated to formatting
KS-981	ALREADY-FIXED	Done	2	kamil.kreiser@secuura.ai	peter@obeden.com	27	4	merged	#1352@2026-09-30		no - closed	ASK	#1352 merged 2026-09-30; state Done 2026-09-29		Done, but last comment says item 2 branch not pushed; PR #1352 (KS-981) merged 09-30 - likely superseded, confirm; Peter/Stuart ticket -> ASK	"The round-4 quarantine call throws out of a ""Never throws"" function, and the strict arm quarantines in silence"
KS-979	ALREADY-FIXED	Done	4	kamil.kreiser@secuura.ai	kamil.kreiser@secuura.ai	27	9	merged	#1144@2026-09-21		no - closed	yes	#1144 merged 2026-09-21; state Done 2026-09-25		Done; closing comment cites merge	KS-597's own bind test file repeats two claims that were corrected in the product file
KS-906	ALREADY-FIXED	Done	4	kamil.kreiser@secuura.ai		28	9	merged	#1259@2026-09-25		no - closed	yes	#1259 merged 2026-09-25; state Done 2026-09-25		Done; closing comment cites merge	"CASE 6's `cd /tmp` is inert — the leg uses `git -C ""$DEV_DIR""`, so the case does not test what its name says"
KS-755	ALREADY-FIXED	Done	3	kamil.kreiser@secuura.ai	kamil.kreiser@secuura.ai	32	6	none			no - closed	yes	closing comment; state Done 2026-09-28		already fixed: systemTest/akto/src/core/runDir.ts:122 uses fileStamp(clock.nowIso()) at 3ce8cd	akto unit suite has a standing red: runDir resolveRunId ignores the injected clock
KS-738	ALREADY-FIXED	Done	3	kamil.kreiser@secuura.ai		33	9	none			no - closed	yes	closing comment; state Done 2026-09-25		already fixed per measured comment, no PR attached	schemathesis run.py bootstrap can os.execv-loop forever on a symlinked venv — silent, 100% CPU, indistinguishable from a hang
